OD_Pair,FM_Walk,LM_Walk,FM Drive,LM Drive,Transit,M1,M2,M3,M4,M5
0.0,nan,nan,nan,nan,nan,nan,nan,nan,nan,8988.0
1.0,nan,nan,nan,nan,nan,nan,nan,nan,nan,32398.0
2.0,576.0,1202.0,576.0,1224.0,34073.0,35851.0,35873.0,35851.0,35873.0,23284.0
3.0,nan,nan,nan,nan,nan,nan,nan,nan,nan,16861.0
4.0,nan,nan,nan,nan,nan,nan,nan,nan,nan,6177.0
5.0,158.0,1159.0,158.0,1679.0,9048.0,10365.0,10885.0,10365.0,10885.0,10410.0
6.0,525.0,187.0,824.0,235.0,10232.0,10944.0,10992.0,11243.0,11291.0,11577.0
7.0,nan,nan,nan,nan,nan,nan,nan,nan,nan,10112.0
8.0,1202.0,957.0,1498.0,957.0,39848.0,42007.0,42007.0,42303.0,42303.0,24472.0
9.0,1088.0,8584.0,1959.0,8566.0,0.0,9672.0,9654.0,10543.0,10525.0,9659.0
10.0,nan,nan,nan,nan,nan,nan,nan,nan,nan,9420.0
11.0,nan,nan,nan,nan,nan,nan,nan,nan,nan,19307.0
12.0,236.0,435.0,236.0,449.0,11361.0,12032.0,12046.0,12032.0,12046.0,11407.0
13.0,201.0,1457.0,639.0,1466.0,8862.0,10520.0,10529.0,10958.0,10967.0,6212.0
14.0,nan,nan,nan,nan,nan,nan,nan,nan,nan,7564.0
15.0,nan,nan,nan,nan,nan,nan,nan,nan,nan,32963.0
16.0,nan,nan,nan,nan,nan,nan,nan,nan,nan,12370.0
17.0,nan,nan,nan,nan,nan,nan,nan,nan,nan,20299.0
18.0,226.0,161.0,476.0,656.0,3106.0,3493.0,3988.0,3743.0,4238.0,3166.0
19.0,1498.0,37.0,1583.0,2815.0,26543.0,28078.0,30856.0,28163.0,30941.0,14315.0
20.0,353.0,106.0,353.0,287.0,5502.0,5961.0,6142.0,5961.0,6142.0,4296.0
21.0,nan,nan,nan,nan,nan,nan,nan,nan,nan,16176.0
22.0,1249.0,207.0,1507.0,207.0,23635.0,25091.0,25091.0,25349.0,25349.0,9862.0
23.0,1034.0,2083.0,1035.0,4123.0,43402.0,46519.0,48559.0,46520.0,48560.0,30588.0
24.0,nan,nan,nan,nan,nan,nan,nan,nan,nan,24754.0
25.0,nan,nan,nan,nan,nan,nan,nan,nan,nan,11539.0
26.0,1096.0,466.0,1114.0,466.0,20118.0,21680.0,21680.0,21698.0,21698.0,17997.0
27.0,1920.0,119.0,1920.0,119.0,23560.0,25599.0,25599.0,25599.0,25599.0,19156.0
28.0,1963.0,1343.0,2135.0,1356.0,34886.0,38192.0,38205.0,38364.0,38377.0,25426.0
29.0,nan,nan,nan,nan,nan,nan,nan,nan,nan,10634.0
30.0,851.0,615.0,1064.0,618.0,14670.0,16136.0,16139.0,16349.0,16352.0,11784.0
31.0,446.0,135.0,581.0,135.0,6859.0,7440.0,7440.0,7575.0,7575.0,5962.0
32.0,nan,nan,nan,nan,nan,nan,nan,nan,nan,4551.0
33.0,1091.0,940.0,1091.0,2681.0,25989.0,28020.0,29761.0,28020.0,29761.0,12588.0
34.0,177.0,172.0,177.0,518.0,5649.0,5998.0,6344.0,5998.0,6344.0,5567.0
35.0,321.0,388.0,321.0,389.0,30925.0,31634.0,31635.0,31634.0,31635.0,17280.0
36.0,nan,nan,nan,nan,nan,nan,nan,nan,nan,6271.0
37.0,nan,nan,nan,nan,nan,nan,nan,nan,nan,2680.0
38.0,1380.0,314.0,1438.0,464.0,8741.0,10435.0,10585.0,10493.0,10643.0,14440.0
39.0,nan,nan,nan,nan,nan,nan,nan,nan,nan,6103.0
40.0,151.0,196.0,151.0,730.0,23142.0,23489.0,24023.0,23489.0,24023.0,23418.0
41.0,nan,nan,nan,nan,nan,nan,nan,nan,nan,29046.0
42.0,nan,nan,nan,nan,nan,nan,nan,nan,nan,4422.0
43.0,nan,nan,nan,nan,nan,nan,nan,nan,nan,25242.0
44.0,489.0,573.0,489.0,573.0,18577.0,19639.0,19639.0,19639.0,19639.0,15184.0
45.0,1071.0,59.0,1363.0,579.0,22636.0,23766.0,24286.0,24058.0,24578.0,22824.0
46.0,nan,nan,nan,nan,nan,nan,nan,nan,nan,25323.0
47.0,290.0,272.0,290.0,272.0,21973.0,22535.0,22535.0,22535.0,22535.0,23491.0
48.0,nan,nan,nan,nan,nan,nan,nan,nan,nan,44868.0
49.0,nan,nan,nan,nan,nan,nan,nan,nan,nan,23437.0
50.0,nan,nan,nan,nan,nan,nan,nan,nan,nan,27047.0
51.0,nan,nan,nan,nan,nan,nan,nan,nan,nan,23399.0
52.0,523.0,24.0,523.0,18.0,4383.0,4930.0,4924.0,4930.0,4924.0,4908.0
53.0,nan,nan,nan,nan,nan,nan,nan,nan,nan,4880.0
54.0,nan,nan,nan,nan,nan,nan,nan,nan,nan,39138.0
55.0,918.0,497.0,918.0,834.0,3561.0,4976.0,5313.0,4976.0,5313.0,4824.0
56.0,175.0,512.0,175.0,512.0,25917.0,26604.0,26604.0,26604.0,26604.0,20280.0
57.0,nan,nan,nan,nan,nan,nan,nan,nan,nan,13797.0
58.0,nan,nan,nan,nan,nan,nan,nan,nan,nan,3656.0
59.0,nan,nan,nan,nan,nan,nan,nan,nan,nan,33782.0
60.0,2069.0,132.0,2072.0,132.0,27543.0,29744.0,29744.0,29747.0,29747.0,29324.0
61.0,nan,nan,nan,nan,nan,nan,nan,nan,nan,7853.0
62.0,913.0,1161.0,913.0,1448.0,23968.0,26042.0,26329.0,26042.0,26329.0,31336.0
63.0,nan,nan,nan,nan,nan,nan,nan,nan,nan,19326.0
64.0,nan,nan,nan,nan,nan,nan,nan,nan,nan,6202.0
65.0,1613.0,1877.0,1613.0,1943.0,21916.0,25406.0,25472.0,25406.0,25472.0,9108.0
66.0,793.0,594.0,793.0,594.0,24321.0,25708.0,25708.0,25708.0,25708.0,18188.0
67.0,nan,nan,nan,nan,nan,nan,nan,nan,nan,18882.0
68.0,1433.0,930.0,1499.0,1061.0,41225.0,43588.0,43719.0,43654.0,43785.0,32098.0
69.0,nan,nan,nan,nan,nan,nan,nan,nan,nan,44821.0
70.0,1425.0,1604.0,1425.0,2064.0,25696.0,28725.0,29185.0,28725.0,29185.0,36148.0
71.0,950.0,888.0,950.0,939.0,10355.0,12193.0,12244.0,12193.0,12244.0,8506.0
72.0,nan,nan,nan,nan,nan,nan,nan,nan,nan,4624.0
73.0,nan,nan,nan,nan,nan,nan,nan,nan,nan,24239.0
74.0,63.0,120.0,63.0,120.0,31325.0,31508.0,31508.0,31508.0,31508.0,15814.0
75.0,423.0,1085.0,423.0,1088.0,42571.0,44079.0,44082.0,44079.0,44082.0,20085.0
76.0,nan,nan,nan,nan,nan,nan,nan,nan,nan,31206.0
77.0,1617.0,1616.0,1657.0,1632.0,2098.0,5331.0,5347.0,5371.0,5387.0,4935.0
78.0,1885.0,343.0,1977.0,344.0,26990.0,29218.0,29219.0,29310.0,29311.0,8264.0
79.0,1182.0,119.0,1266.0,119.0,13382.0,14683.0,14683.0,14767.0,14767.0,13127.0
80.0,1272.0,67.0,1271.0,67.0,37422.0,38761.0,38761.0,38760.0,38760.0,15064.0
81.0,79.0,570.0,79.0,569.0,7939.0,8588.0,8587.0,8588.0,8587.0,6018.0
82.0,nan,nan,nan,nan,nan,nan,nan,nan,nan,39837.0
83.0,957.0,119.0,957.0,119.0,26929.0,28005.0,28005.0,28005.0,28005.0,14470.0
84.0,nan,nan,nan,nan,nan,nan,nan,nan,nan,6688.0
85.0,1359.0,570.0,2021.0,569.0,12708.0,14637.0,14636.0,15299.0,15298.0,8244.0
86.0,2095.0,615.0,2192.0,618.0,24292.0,27002.0,27005.0,27099.0,27102.0,24096.0
87.0,491.0,25.0,567.0,22.0,24469.0,24985.0,24982.0,25061.0,25058.0,5325.0
88.0,198.0,1717.0,198.0,1748.0,27497.0,29412.0,29443.0,29412.0,29443.0,9995.0
89.0,567.0,492.0,567.0,492.0,24452.0,25511.0,25511.0,25511.0,25511.0,23376.0
90.0,501.0,294.0,501.0,294.0,4181.0,4976.0,4976.0,4976.0,4976.0,4450.0
91.0,1207.0,264.0,1207.0,266.0,32098.0,33569.0,33571.0,33569.0,33571.0,28826.0
92.0,nan,nan,nan,nan,nan,nan,nan,nan,nan,36160.0
93.0,1676.0,414.0,1676.0,277.0,6468.0,8558.0,8421.0,8558.0,8421.0,11156.0
94.0,171.0,433.0,171.0,433.0,9075.0,9679.0,9679.0,9679.0,9679.0,9708.0
95.0,1313.0,122.0,651.0,304.0,31477.0,32912.0,33094.0,32250.0,32432.0,18267.0
96.0,864.0,626.0,862.0,634.0,47952.0,49442.0,49450.0,49440.0,49448.0,30814.0
97.0,396.0,197.0,396.0,197.0,5929.0,6522.0,6522.0,6522.0,6522.0,6374.0
98.0,878.0,415.0,878.0,415.0,43073.0,44366.0,44366.0,44366.0,44366.0,33641.0
99.0,nan,nan,nan,nan,nan,nan,nan,nan,nan,5163.0
100.0,314.0,391.0,314.0,1676.0,14380.0,15085.0,16370.0,15085.0,16370.0,6557.0
101.0,1866.0,1551.0,1866.0,3292.0,20710.0,24127.0,25868.0,24127.0,25868.0,11822.0
102.0,nan,nan,nan,nan,nan,nan,nan,nan,nan,2315.0
103.0,nan,nan,nan,nan,nan,nan,nan,nan,nan,37803.0
104.0,1653.0,695.0,1653.0,695.0,5878.0,8226.0,8226.0,8226.0,8226.0,5142.0
105.0,1284.0,275.0,1284.0,275.0,9422.0,10981.0,10981.0,10981.0,10981.0,11194.0
106.0,2639.0,553.0,2916.0,553.0,23882.0,27074.0,27074.0,27351.0,27351.0,18122.0
107.0,160.0,478.0,126.0,475.0,6454.0,7092.0,7089.0,7058.0,7055.0,6113.0
108.0,nan,nan,nan,nan,nan,nan,nan,nan,nan,8327.0
109.0,378.0,432.0,574.0,433.0,34903.0,35713.0,35714.0,35909.0,35910.0,28668.0
110.0,786.0,333.0,786.0,333.0,36963.0,38082.0,38082.0,38082.0,38082.0,32757.0
111.0,1245.0,456.0,1245.0,456.0,16852.0,18553.0,18553.0,18553.0,18553.0,17064.0
112.0,682.0,1079.0,847.0,1077.0,14789.0,16550.0,16548.0,16715.0,16713.0,16531.0
113.0,1589.0,828.0,1589.0,840.0,30413.0,32830.0,32842.0,32830.0,32842.0,17340.0
114.0,nan,nan,nan,nan,nan,nan,nan,nan,nan,19111.0
115.0,341.0,162.0,341.0,162.0,9380.0,9883.0,9883.0,9883.0,9883.0,6310.0
116.0,412.0,888.0,412.0,939.0,27461.0,28761.0,28812.0,28761.0,28812.0,9310.0
117.0,nan,nan,nan,nan,nan,nan,nan,nan,nan,30533.0
118.0,551.0,325.0,551.0,532.0,6438.0,7314.0,7521.0,7314.0,7521.0,6765.0
119.0,446.0,180.0,446.0,180.0,23150.0,23776.0,23776.0,23776.0,23776.0,19764.0
120.0,nan,nan,nan,nan,nan,nan,nan,nan,nan,19791.0
121.0,nan,nan,nan,nan,nan,nan,nan,nan,nan,36372.0
122.0,365.0,556.0,365.0,556.0,3533.0,4454.0,4454.0,4454.0,4454.0,3691.0
123.0,nan,nan,nan,nan,nan,nan,nan,nan,nan,23466.0
124.0,nan,nan,nan,nan,nan,nan,nan,nan,nan,14529.0
125.0,974.0,665.0,974.0,756.0,6037.0,7676.0,7767.0,7676.0,7767.0,7915.0
126.0,359.0,429.0,359.0,434.0,22004.0,22792.0,22797.0,22792.0,22797.0,22490.0
127.0,nan,nan,nan,nan,nan,nan,nan,nan,nan,31223.0
128.0,1812.0,1623.0,1830.0,1914.0,15865.0,19300.0,19591.0,19318.0,19609.0,13081.0
129.0,847.0,132.0,847.0,132.0,17589.0,18568.0,18568.0,18568.0,18568.0,15014.0
130.0,2421.0,63.0,2440.0,3276.0,70576.0,73060.0,76273.0,73079.0,76292.0,27191.0
131.0,1042.0,560.0,1042.0,560.0,14874.0,16476.0,16476.0,16476.0,16476.0,17493.0
132.0,2047.0,156.0,2078.0,156.0,15154.0,17357.0,17357.0,17388.0,17388.0,19238.0
133.0,412.0,302.0,412.0,317.0,26120.0,26834.0,26849.0,26834.0,26849.0,24818.0
134.0,nan,nan,nan,nan,nan,nan,nan,nan,nan,28814.0
135.0,nan,nan,nan,nan,nan,nan,nan,nan,nan,15417.0
136.0,638.0,732.0,876.0,781.0,8824.0,10194.0,10243.0,10432.0,10481.0,9570.0
137.0,nan,nan,nan,nan,nan,nan,nan,nan,nan,4341.0
138.0,nan,nan,nan,nan,nan,nan,nan,nan,nan,14375.0
139.0,1416.0,132.0,1420.0,132.0,27543.0,29091.0,29091.0,29095.0,29095.0,28672.0
140.0,nan,nan,nan,nan,nan,nan,nan,nan,nan,4911.0
141.0,1464.0,2735.0,1464.0,2755.0,57502.0,61701.0,61721.0,61701.0,61721.0,44965.0
142.0,nan,nan,nan,nan,nan,nan,nan,nan,nan,30250.0
143.0,nan,nan,nan,nan,nan,nan,nan,nan,nan,22528.0
144.0,nan,nan,nan,nan,nan,nan,nan,nan,nan,23219.0
145.0,nan,nan,nan,nan,nan,nan,nan,nan,nan,21087.0
146.0,nan,nan,nan,nan,nan,nan,nan,nan,nan,9725.0
147.0,nan,nan,nan,nan,nan,nan,nan,nan,nan,22545.0
148.0,351.0,189.0,351.0,425.0,17123.0,17663.0,17899.0,17663.0,17899.0,13674.0
149.0,556.0,138.0,556.0,88.0,4335.0,5029.0,4979.0,5029.0,4979.0,4935.0
150.0,nan,nan,nan,nan,nan,nan,nan,nan,nan,7660.0
151.0,nan,nan,nan,nan,nan,nan,nan,nan,nan,20841.0
152.0,423.0,940.0,468.0,2681.0,14869.0,16232.0,17973.0,16277.0,18018.0,9441.0
153.0,nan,nan,nan,nan,nan,nan,nan,nan,nan,14005.0
154.0,807.0,223.0,807.0,769.0,29700.0,30730.0,31276.0,30730.0,31276.0,22590.0
155.0,397.0,159.0,397.0,159.0,58602.0,59158.0,59158.0,59158.0,59158.0,32123.0
156.0,1233.0,470.0,1561.0,687.0,28274.0,29977.0,30194.0,30305.0,30522.0,31347.0
157.0,nan,nan,nan,nan,nan,nan,nan,nan,nan,27163.0
158.0,455.0,1426.0,455.0,1427.0,2347.0,4228.0,4229.0,4228.0,4229.0,3842.0
159.0,615.0,659.0,615.0,760.0,18522.0,19796.0,19897.0,19796.0,19897.0,17959.0
160.0,nan,nan,nan,nan,nan,nan,nan,nan,nan,25790.0
161.0,nan,nan,nan,nan,nan,nan,nan,nan,nan,3469.0
162.0,nan,nan,nan,nan,nan,nan,nan,nan,nan,41404.0
163.0,nan,nan,nan,nan,nan,nan,nan,nan,nan,16455.0
164.0,339.0,343.0,336.0,344.0,21591.0,22273.0,22274.0,22270.0,22271.0,16305.0
165.0,nan,nan,nan,nan,nan,nan,nan,nan,nan,4286.0
166.0,nan,nan,nan,nan,nan,nan,nan,nan,nan,1692.0
167.0,2386.0,129.0,2423.0,413.0,1847.0,4362.0,4646.0,4399.0,4683.0,5016.0
168.0,nan,nan,nan,nan,nan,nan,nan,nan,nan,5415.0
169.0,nan,nan,nan,nan,nan,nan,nan,nan,nan,34745.0
170.0,1757.0,663.0,1757.0,694.0,8450.0,10870.0,10901.0,10870.0,10901.0,11121.0
171.0,nan,nan,nan,nan,nan,nan,nan,nan,nan,1735.0
172.0,nan,nan,nan,nan,nan,nan,nan,nan,nan,4155.0
173.0,501.0,80.0,630.0,631.0,1577.0,2158.0,2709.0,2287.0,2838.0,1853.0
174.0,1926.0,786.0,2026.0,786.0,8696.0,11408.0,11408.0,11508.0,11508.0,6993.0
175.0,669.0,170.0,1111.0,170.0,13289.0,14128.0,14128.0,14570.0,14570.0,16236.0
176.0,1340.0,236.0,1747.0,236.0,18938.0,20514.0,20514.0,20921.0,20921.0,16326.0
177.0,976.0,1051.0,976.0,1051.0,11703.0,13730.0,13730.0,13730.0,13730.0,11216.0
178.0,536.0,343.0,743.0,344.0,38747.0,39626.0,39627.0,39833.0,39834.0,35049.0
179.0,606.0,646.0,1747.0,650.0,28299.0,29551.0,29555.0,30692.0,30696.0,18810.0
180.0,225.0,269.0,225.0,269.0,3416.0,3910.0,3910.0,3910.0,3910.0,3894.0
181.0,1849.0,472.0,1900.0,2224.0,30531.0,32852.0,34604.0,32903.0,34655.0,21793.0
182.0,242.0,488.0,242.0,488.0,27050.0,27780.0,27780.0,27780.0,27780.0,19633.0
183.0,459.0,125.0,459.0,125.0,14455.0,15039.0,15039.0,15039.0,15039.0,12857.0
184.0,nan,nan,nan,nan,nan,nan,nan,nan,nan,19853.0
185.0,nan,nan,nan,nan,nan,nan,nan,nan,nan,36440.0
186.0,526.0,682.0,526.0,1560.0,12771.0,13979.0,14857.0,13979.0,14857.0,18074.0
187.0,1455.0,652.0,1455.0,652.0,12142.0,14249.0,14249.0,14249.0,14249.0,19225.0
188.0,nan,nan,nan,nan,nan,nan,nan,nan,nan,2181.0
189.0,19389.0,750.0,15156.0,760.0,12748.0,32887.0,32897.0,28654.0,28664.0,24028.0
190.0,1364.0,534.0,2152.0,534.0,30625.0,32523.0,32523.0,33311.0,33311.0,36277.0
191.0,594.0,1192.0,655.0,1211.0,13390.0,15176.0,15195.0,15237.0,15256.0,14489.0
192.0,525.0,590.0,525.0,3177.0,9953.0,11068.0,13655.0,11068.0,13655.0,10298.0
193.0,1515.0,897.0,2062.0,975.0,18134.0,20546.0,20624.0,21093.0,21171.0,23341.0
194.0,1720.0,1076.0,1782.0,1784.0,42877.0,45673.0,46381.0,45735.0,46443.0,31662.0
195.0,nan,nan,nan,nan,nan,nan,nan,nan,nan,36436.0
196.0,nan,nan,nan,nan,nan,nan,nan,nan,nan,3167.0
197.0,1500.0,262.0,1796.0,262.0,27627.0,29389.0,29389.0,29685.0,29685.0,5527.0
198.0,nan,nan,nan,nan,nan,nan,nan,nan,nan,1557.0
199.0,nan,nan,nan,nan,nan,nan,nan,nan,nan,11472.0
200.0,1758.0,260.0,1790.0,260.0,36473.0,38491.0,38491.0,38523.0,38523.0,32996.0
201.0,nan,nan,nan,nan,nan,nan,nan,nan,nan,19733.0
202.0,681.0,1015.0,681.0,1664.0,24507.0,26203.0,26852.0,26203.0,26852.0,14952.0
203.0,2735.0,171.0,2755.0,171.0,23392.0,26298.0,26298.0,26318.0,26318.0,13759.0
204.0,435.0,275.0,772.0,231.0,17772.0,18482.0,18438.0,18819.0,18775.0,18236.0
205.0,193.0,842.0,193.0,891.0,7148.0,8183.0,8232.0,8183.0,8232.0,5576.0
206.0,nan,nan,nan,nan,nan,nan,nan,nan,nan,4878.0
207.0,410.0,74.0,410.0,74.0,14180.0,14664.0,14664.0,14664.0,14664.0,13002.0
208.0,144.0,76.0,144.0,76.0,27087.0,27307.0,27307.0,27307.0,27307.0,20243.0
209.0,626.0,1232.0,756.0,1247.0,37245.0,39103.0,39118.0,39233.0,39248.0,33324.0
210.0,240.0,921.0,240.0,937.0,25683.0,26844.0,26860.0,26844.0,26860.0,23592.0
211.0,1879.0,196.0,1918.0,196.0,28172.0,30247.0,30247.0,30286.0,30286.0,34726.0
212.0,472.0,921.0,1885.0,937.0,22061.0,23454.0,23470.0,24867.0,24883.0,18903.0
213.0,526.0,2954.0,526.0,3017.0,6012.0,9492.0,9555.0,9492.0,9555.0,5871.0
214.0,1963.0,358.0,2135.0,358.0,15551.0,17872.0,17872.0,18044.0,18044.0,17897.0
215.0,1066.0,269.0,1066.0,210.0,9540.0,10875.0,10816.0,10875.0,10816.0,9170.0
216.0,1337.0,623.0,1337.0,623.0,30159.0,32119.0,32119.0,32119.0,32119.0,6140.0
217.0,787.0,222.0,1271.0,476.0,16897.0,17906.0,18160.0,18390.0,18644.0,13592.0
218.0,491.0,1087.0,491.0,1087.0,908.0,2486.0,2486.0,2486.0,2486.0,2215.0
219.0,nan,nan,nan,nan,nan,nan,nan,nan,nan,3186.0
220.0,nan,nan,nan,nan,nan,nan,nan,nan,nan,27324.0
221.0,nan,nan,nan,nan,nan,nan,nan,nan,nan,31791.0
222.0,907.0,1017.0,907.0,1019.0,4520.0,6444.0,6446.0,6444.0,6446.0,6213.0
223.0,172.0,303.0,172.0,303.0,14402.0,14877.0,14877.0,14877.0,14877.0,11677.0
224.0,1384.0,735.0,1624.0,735.0,14583.0,16702.0,16702.0,16942.0,16942.0,12583.0
225.0,nan,nan,nan,nan,nan,nan,nan,nan,nan,16363.0
226.0,nan,nan,nan,nan,nan,nan,nan,nan,nan,12891.0
227.0,496.0,674.0,496.0,672.0,23007.0,24177.0,24175.0,24177.0,24175.0,27245.0
228.0,nan,nan,nan,nan,nan,nan,nan,nan,nan,9885.0
229.0,nan,nan,nan,nan,nan,nan,nan,nan,nan,27784.0
230.0,1249.0,907.0,1249.0,967.0,30926.0,33082.0,33142.0,33082.0,33142.0,23912.0
231.0,1692.0,399.0,1692.0,351.0,14373.0,16464.0,16416.0,16464.0,16416.0,14974.0
232.0,176.0,593.0,176.0,592.0,11742.0,12511.0,12510.0,12511.0,12510.0,10130.0
233.0,254.0,314.0,254.0,464.0,35706.0,36274.0,36424.0,36274.0,36424.0,7452.0
234.0,nan,nan,nan,nan,nan,nan,nan,nan,nan,12825.0
235.0,1348.0,986.0,1347.0,986.0,21827.0,24161.0,24161.0,24160.0,24160.0,8488.0
236.0,nan,nan,nan,nan,nan,nan,nan,nan,nan,35195.0
237.0,1018.0,288.0,1018.0,332.0,26586.0,27892.0,27936.0,27892.0,27936.0,17236.0
238.0,nan,nan,nan,nan,nan,nan,nan,nan,nan,50771.0
239.0,1323.0,646.0,1323.0,646.0,1917.0,3886.0,3886.0,3886.0,3886.0,3865.0
240.0,1079.0,185.0,1079.0,185.0,6870.0,8134.0,8134.0,8134.0,8134.0,8363.0
241.0,1644.0,59.0,1644.0,579.0,22249.0,23952.0,24472.0,23952.0,24472.0,20445.0
242.0,nan,nan,nan,nan,nan,nan,nan,nan,nan,13723.0
243.0,1232.0,499.0,1230.0,544.0,18228.0,19959.0,20004.0,19957.0,20002.0,12177.0
244.0,1435.0,93.0,1435.0,93.0,6062.0,7590.0,7590.0,7590.0,7590.0,7289.0
245.0,1301.0,122.0,1484.0,304.0,2935.0,4358.0,4540.0,4541.0,4723.0,4481.0
246.0,729.0,282.0,729.0,282.0,18574.0,19585.0,19585.0,19585.0,19585.0,16571.0
247.0,304.0,550.0,304.0,550.0,15834.0,16688.0,16688.0,16688.0,16688.0,5707.0
248.0,1461.0,269.0,1461.0,210.0,6122.0,7852.0,7793.0,7852.0,7793.0,6095.0
249.0,1760.0,213.0,1804.0,213.0,28266.0,30239.0,30239.0,30283.0,30283.0,22749.0
250.0,1518.0,1149.0,1518.0,1149.0,37548.0,40215.0,40215.0,40215.0,40215.0,16702.0
251.0,201.0,622.0,201.0,622.0,10803.0,11626.0,11626.0,11626.0,11626.0,10059.0
252.0,380.0,2675.0,380.0,2675.0,39048.0,42103.0,42103.0,42103.0,42103.0,27276.0
253.0,272.0,597.0,272.0,597.0,39365.0,40234.0,40234.0,40234.0,40234.0,36619.0
254.0,2118.0,593.0,2118.0,592.0,38135.0,40846.0,40845.0,40846.0,40845.0,37257.0
255.0,1439.0,185.0,1439.0,185.0,13723.0,15347.0,15347.0,15347.0,15347.0,13511.0
256.0,538.0,508.0,1007.0,508.0,33234.0,34280.0,34280.0,34749.0,34749.0,21651.0
257.0,nan,nan,nan,nan,nan,nan,nan,nan,nan,2898.0
258.0,nan,nan,nan,nan,nan,nan,nan,nan,nan,28157.0
259.0,nan,nan,nan,nan,nan,nan,nan,nan,nan,13907.0
260.0,nan,nan,nan,nan,nan,nan,nan,nan,nan,7311.0
261.0,nan,nan,nan,nan,nan,nan,nan,nan,nan,8198.0
262.0,nan,nan,nan,nan,nan,nan,nan,nan,nan,6982.0
263.0,225.0,497.0,225.0,834.0,57954.0,58676.0,59013.0,58676.0,59013.0,23643.0
264.0,1044.0,161.0,1044.0,161.0,15276.0,16481.0,16481.0,16481.0,16481.0,11856.0
265.0,nan,nan,nan,nan,nan,nan,nan,nan,nan,2289.0
266.0,nan,nan,nan,nan,nan,nan,nan,nan,nan,4142.0
267.0,2189.0,115.0,2209.0,114.0,44145.0,46449.0,46448.0,46469.0,46468.0,17587.0
268.0,1183.0,972.0,1233.0,972.0,4573.0,6728.0,6728.0,6778.0,6778.0,6480.0
269.0,1817.0,987.0,1818.0,987.0,31365.0,34169.0,34169.0,34170.0,34170.0,26759.0
270.0,438.0,517.0,703.0,517.0,61321.0,62276.0,62276.0,62541.0,62541.0,26462.0
271.0,739.0,415.0,969.0,415.0,22835.0,23989.0,23989.0,24219.0,24219.0,20741.0
272.0,1125.0,1197.0,1498.0,1197.0,15878.0,18200.0,18200.0,18573.0,18573.0,11724.0
273.0,604.0,222.0,604.0,239.0,36429.0,37255.0,37272.0,37255.0,37272.0,9792.0
274.0,nan,nan,nan,nan,nan,nan,nan,nan,nan,9250.0
275.0,nan,nan,nan,nan,nan,nan,nan,nan,nan,25998.0
276.0,1512.0,498.0,1512.0,498.0,22353.0,24363.0,24363.0,24363.0,24363.0,27256.0
277.0,1072.0,145.0,1031.0,145.0,6167.0,7384.0,7384.0,7343.0,7343.0,7764.0
278.0,nan,nan,nan,nan,nan,nan,nan,nan,nan,10989.0
279.0,1080.0,570.0,1080.0,569.0,18881.0,20531.0,20530.0,20531.0,20530.0,18597.0
280.0,nan,nan,nan,nan,nan,nan,nan,nan,nan,27803.0
281.0,366.0,426.0,415.0,426.0,14956.0,15748.0,15748.0,15797.0,15797.0,20129.0
282.0,nan,nan,nan,nan,nan,nan,nan,nan,nan,18077.0
283.0,442.0,415.0,442.0,415.0,36344.0,37201.0,37201.0,37201.0,37201.0,9845.0
284.0,nan,nan,nan,nan,nan,nan,nan,nan,nan,20781.0
285.0,363.0,564.0,363.0,564.0,22198.0,23125.0,23125.0,23125.0,23125.0,25125.0
286.0,1023.0,132.0,1051.0,132.0,24121.0,25276.0,25276.0,25304.0,25304.0,24229.0
287.0,247.0,1281.0,928.0,1321.0,4132.0,5660.0,5700.0,6341.0,6381.0,5588.0
288.0,350.0,623.0,350.0,623.0,36946.0,37919.0,37919.0,37919.0,37919.0,29310.0
289.0,956.0,570.0,1448.0,569.0,11662.0,13188.0,13187.0,13680.0,13679.0,9573.0
290.0,701.0,161.0,701.0,161.0,14520.0,15382.0,15382.0,15382.0,15382.0,9181.0
291.0,1010.0,921.0,1010.0,937.0,18420.0,20351.0,20367.0,20351.0,20367.0,15127.0
292.0,1617.0,115.0,1657.0,114.0,41470.0,43202.0,43201.0,43242.0,43241.0,14830.0
293.0,1030.0,437.0,1391.0,486.0,24862.0,26329.0,26378.0,26690.0,26739.0,22194.0
294.0,1019.0,516.0,1239.0,516.0,2602.0,4137.0,4137.0,4357.0,4357.0,4539.0
295.0,1888.0,2436.0,1888.0,3129.0,49924.0,54248.0,54941.0,54248.0,54941.0,33861.0
296.0,824.0,233.0,822.0,233.0,38702.0,39759.0,39759.0,39757.0,39757.0,10701.0
297.0,1118.0,291.0,1118.0,617.0,49791.0,51200.0,51526.0,51200.0,51526.0,37135.0
298.0,nan,nan,nan,nan,nan,nan,nan,nan,nan,18443.0
299.0,230.0,594.0,230.0,747.0,10339.0,11163.0,11316.0,11163.0,11316.0,9843.0
300.0,181.0,584.0,181.0,485.0,4390.0,5155.0,5056.0,5155.0,5056.0,4946.0
301.0,nan,nan,nan,nan,nan,nan,nan,nan,nan,4588.0
302.0,940.0,125.0,1712.0,677.0,3337.0,4402.0,4954.0,5174.0,5726.0,2584.0
303.0,509.0,203.0,1381.0,215.0,31654.0,32366.0,32378.0,33238.0,33250.0,17256.0
304.0,772.0,49.0,771.0,59.0,21527.0,22348.0,22358.0,22347.0,22357.0,8253.0
305.0,nan,nan,nan,nan,nan,nan,nan,nan,nan,7374.0
306.0,745.0,288.0,793.0,200.0,7863.0,8896.0,8808.0,8944.0,8856.0,7539.0
307.0,nan,nan,nan,nan,nan,nan,nan,nan,nan,14167.0
308.0,nan,nan,nan,nan,nan,nan,nan,nan,nan,38367.0
309.0,nan,nan,nan,nan,nan,nan,nan,nan,nan,7180.0
310.0,nan,nan,nan,nan,nan,nan,nan,nan,nan,4539.0
311.0,1849.0,117.0,1866.0,117.0,46874.0,48840.0,48840.0,48857.0,48857.0,29994.0
312.0,nan,nan,nan,nan,nan,nan,nan,nan,nan,27369.0
313.0,1758.0,446.0,1790.0,446.0,24383.0,26587.0,26587.0,26619.0,26619.0,20368.0
314.0,nan,nan,nan,nan,nan,nan,nan,nan,nan,13662.0
315.0,604.0,1523.0,640.0,2307.0,17068.0,19195.0,19979.0,19231.0,20015.0,14461.0
316.0,1133.0,1165.0,1133.0,1455.0,38591.0,40889.0,41179.0,40889.0,41179.0,31346.0
317.0,nan,nan,nan,nan,nan,nan,nan,nan,nan,24564.0
318.0,490.0,526.0,671.0,526.0,23865.0,24881.0,24881.0,25062.0,25062.0,10164.0
319.0,666.0,530.0,666.0,660.0,23771.0,24967.0,25097.0,24967.0,25097.0,24512.0
320.0,2318.0,470.0,2388.0,474.0,6580.0,9368.0,9372.0,9438.0,9442.0,8376.0
321.0,nan,nan,nan,nan,nan,nan,nan,nan,nan,22325.0
322.0,nan,nan,nan,nan,nan,nan,nan,nan,nan,6122.0
323.0,378.0,225.0,574.0,225.0,14663.0,15266.0,15266.0,15462.0,15462.0,22175.0
324.0,nan,nan,nan,nan,nan,nan,nan,nan,nan,22116.0
325.0,nan,nan,nan,nan,nan,nan,nan,nan,nan,23035.0
326.0,nan,nan,nan,nan,nan,nan,nan,nan,nan,3392.0
327.0,nan,nan,nan,nan,nan,nan,nan,nan,nan,5974.0
328.0,nan,nan,nan,nan,nan,nan,nan,nan,nan,12633.0
329.0,171.0,133.0,171.0,1633.0,32554.0,32858.0,34358.0,32858.0,34358.0,34190.0
330.0,nan,nan,nan,nan,nan,nan,nan,nan,nan,10852.0
331.0,674.0,272.0,826.0,272.0,8120.0,9066.0,9066.0,9218.0,9218.0,8498.0
332.0,514.0,391.0,723.0,391.0,25477.0,26382.0,26382.0,26591.0,26591.0,22107.0
333.0,552.0,319.0,593.0,278.0,10641.0,11512.0,11471.0,11553.0,11512.0,9646.0
334.0,1904.0,1335.0,1904.0,1335.0,3774.0,7013.0,7013.0,7013.0,7013.0,7199.0
335.0,nan,nan,nan,nan,nan,nan,nan,nan,nan,12578.0
336.0,nan,nan,nan,nan,nan,nan,nan,nan,nan,17054.0
337.0,316.0,682.0,316.0,1560.0,23174.0,24172.0,25050.0,24172.0,25050.0,24135.0
338.0,1294.0,415.0,1294.0,415.0,26170.0,27879.0,27879.0,27879.0,27879.0,21349.0
339.0,619.0,1725.0,619.0,1725.0,28626.0,30970.0,30970.0,30970.0,30970.0,27921.0
340.0,1980.0,343.0,2047.0,344.0,34520.0,36843.0,36844.0,36910.0,36911.0,39476.0
341.0,1132.0,413.0,1426.0,1224.0,20287.0,21832.0,22643.0,22126.0,22937.0,19036.0
342.0,580.0,1446.0,580.0,1460.0,10530.0,12556.0,12570.0,12556.0,12570.0,9734.0
343.0,nan,nan,nan,nan,nan,nan,nan,nan,nan,26268.0
344.0,309.0,650.0,308.0,976.0,51298.0,52257.0,52583.0,52256.0,52582.0,42469.0
345.0,nan,nan,nan,nan,nan,nan,nan,nan,nan,4236.0
346.0,185.0,1748.0,842.0,1749.0,54200.0,56133.0,56134.0,56790.0,56791.0,20328.0
347.0,1584.0,1289.0,1589.0,1289.0,40431.0,43304.0,43304.0,43309.0,43309.0,30030.0
348.0,669.0,1912.0,669.0,2096.0,32550.0,35131.0,35315.0,35131.0,35315.0,35563.0
349.0,nan,nan,nan,nan,nan,nan,nan,nan,nan,13657.0
350.0,nan,nan,nan,nan,nan,nan,nan,nan,nan,34072.0
351.0,1947.0,1614.0,1995.0,2182.0,8681.0,12242.0,12810.0,12290.0,12858.0,18500.0
352.0,nan,nan,nan,nan,nan,nan,nan,nan,nan,32831.0
353.0,nan,nan,nan,nan,nan,nan,nan,nan,nan,15340.0
354.0,2483.0,2160.0,2483.0,2193.0,33434.0,38077.0,38110.0,38077.0,38110.0,9457.0
355.0,1429.0,1524.0,1488.0,1551.0,18336.0,21289.0,21316.0,21348.0,21375.0,14835.0
356.0,303.0,119.0,303.0,119.0,8550.0,8972.0,8972.0,8972.0,8972.0,8733.0
357.0,1951.0,174.0,2289.0,1180.0,3517.0,5642.0,6648.0,5980.0,6986.0,4598.0
358.0,nan,nan,nan,nan,nan,nan,nan,nan,nan,33243.0
359.0,509.0,182.0,509.0,182.0,17981.0,18672.0,18672.0,18672.0,18672.0,13483.0
360.0,568.0,452.0,568.0,451.0,25988.0,27008.0,27007.0,27008.0,27007.0,24850.0
361.0,987.0,1271.0,1130.0,1285.0,20961.0,23219.0,23233.0,23362.0,23376.0,19419.0
362.0,1434.0,294.0,1457.0,294.0,19044.0,20772.0,20772.0,20795.0,20795.0,12195.0
363.0,nan,nan,nan,nan,nan,nan,nan,nan,nan,16380.0
364.0,1138.0,975.0,1746.0,1852.0,7803.0,9916.0,10793.0,10524.0,11401.0,8756.0
365.0,nan,nan,nan,nan,nan,nan,nan,nan,nan,13852.0
366.0,240.0,544.0,240.0,544.0,25385.0,26169.0,26169.0,26169.0,26169.0,29703.0
367.0,73.0,115.0,73.0,114.0,20603.0,20791.0,20790.0,20791.0,20790.0,16977.0
368.0,nan,nan,nan,nan,nan,nan,nan,nan,nan,42658.0
369.0,2207.0,1017.0,2207.0,1019.0,27521.0,30745.0,30747.0,30745.0,30747.0,31560.0
370.0,nan,nan,nan,nan,nan,nan,nan,nan,nan,21669.0
371.0,nan,nan,nan,nan,nan,nan,nan,nan,nan,40732.0
372.0,407.0,808.0,406.0,829.0,40006.0,41221.0,41242.0,41220.0,41241.0,25516.0
373.0,707.0,338.0,707.0,689.0,42996.0,44041.0,44392.0,44041.0,44392.0,20409.0
374.0,nan,nan,nan,nan,nan,nan,nan,nan,nan,18858.0
375.0,nan,nan,nan,nan,nan,nan,nan,nan,nan,17280.0
376.0,1605.0,160.0,1813.0,883.0,34261.0,36026.0,36749.0,36234.0,36957.0,30211.0
377.0,nan,nan,nan,nan,nan,nan,nan,nan,nan,1807.0
378.0,1226.0,654.0,1226.0,660.0,18553.0,20433.0,20439.0,20433.0,20439.0,21731.0
379.0,1512.0,859.0,1512.0,1698.0,13673.0,16044.0,16883.0,16044.0,16883.0,22661.0
380.0,1807.0,421.0,1981.0,421.0,10020.0,12248.0,12248.0,12422.0,12422.0,11937.0
381.0,371.0,930.0,371.0,1061.0,25093.0,26394.0,26525.0,26394.0,26525.0,23459.0
382.0,nan,nan,nan,nan,nan,nan,nan,nan,nan,49654.0
383.0,333.0,797.0,330.0,651.0,9742.0,10872.0,10726.0,10869.0,10723.0,7480.0
384.0,1366.0,682.0,1366.0,1560.0,8741.0,10789.0,11667.0,10789.0,11667.0,14385.0
385.0,nan,nan,nan,nan,nan,nan,nan,nan,nan,26767.0
386.0,1345.0,105.0,1653.0,105.0,22717.0,24167.0,24167.0,24475.0,24475.0,18240.0
387.0,nan,nan,nan,nan,nan,nan,nan,nan,nan,39246.0
388.0,155.0,257.0,155.0,291.0,38583.0,38995.0,39029.0,38995.0,39029.0,38559.0
389.0,nan,nan,nan,nan,nan,nan,nan,nan,nan,23277.0
390.0,119.0,272.0,31.0,269.0,4313.0,4704.0,4701.0,4616.0,4613.0,4575.0
391.0,nan,nan,nan,nan,nan,nan,nan,nan,nan,1837.0
392.0,759.0,1570.0,759.0,1581.0,25882.0,28211.0,28222.0,28211.0,28222.0,14449.0
393.0,1081.0,405.0,1081.0,327.0,49511.0,50997.0,50919.0,50997.0,50919.0,17850.0
394.0,973.0,1514.0,971.0,1539.0,24253.0,26740.0,26765.0,26738.0,26763.0,9060.0
395.0,1059.0,391.0,1058.0,391.0,38286.0,39736.0,39736.0,39735.0,39735.0,11997.0
396.0,nan,nan,nan,nan,nan,nan,nan,nan,nan,31301.0
397.0,nan,nan,nan,nan,nan,nan,nan,nan,nan,48613.0
398.0,1712.0,1304.0,1726.0,1318.0,25711.0,28727.0,28741.0,28741.0,28755.0,25664.0
399.0,nan,nan,nan,nan,nan,nan,nan,nan,nan,6353.0
400.0,nan,nan,nan,nan,nan,nan,nan,nan,nan,35380.0
401.0,710.0,1042.0,710.0,1042.0,11124.0,12876.0,12876.0,12876.0,12876.0,7701.0
402.0,591.0,1567.0,591.0,1577.0,16692.0,18850.0,18860.0,18850.0,18860.0,10602.0
403.0,nan,nan,nan,nan,nan,nan,nan,nan,nan,25825.0
404.0,857.0,593.0,976.0,592.0,29856.0,31306.0,31305.0,31425.0,31424.0,27521.0
405.0,nan,nan,nan,nan,nan,nan,nan,nan,nan,38311.0
406.0,864.0,282.0,862.0,282.0,47935.0,49081.0,49081.0,49079.0,49079.0,27463.0
407.0,nan,nan,nan,nan,nan,nan,nan,nan,nan,15359.0
408.0,1566.0,132.0,1566.0,132.0,25039.0,26737.0,26737.0,26737.0,26737.0,12786.0
409.0,351.0,1232.0,351.0,1247.0,34024.0,35607.0,35622.0,35607.0,35622.0,33362.0
410.0,260.0,183.0,260.0,183.0,39707.0,40150.0,40150.0,40150.0,40150.0,35545.0
411.0,1982.0,76.0,2587.0,76.0,21611.0,23669.0,23669.0,24274.0,24274.0,24994.0
412.0,nan,nan,nan,nan,nan,nan,nan,nan,nan,12930.0
413.0,948.0,623.0,971.0,623.0,62043.0,63614.0,63614.0,63637.0,63637.0,16798.0
414.0,906.0,343.0,906.0,344.0,34125.0,35374.0,35375.0,35374.0,35375.0,22581.0
415.0,1315.0,338.0,1315.0,1783.0,22915.0,24568.0,26013.0,24568.0,26013.0,11129.0
416.0,nan,nan,nan,nan,nan,nan,nan,nan,nan,10136.0
417.0,1354.0,478.0,2724.0,614.0,19958.0,21790.0,21926.0,23160.0,23296.0,14685.0
418.0,nan,nan,nan,nan,nan,nan,nan,nan,nan,9382.0
419.0,535.0,975.0,535.0,1852.0,17055.0,18565.0,19442.0,18565.0,19442.0,10808.0
420.0,nan,nan,nan,nan,nan,nan,nan,nan,nan,21181.0
421.0,264.0,570.0,263.0,569.0,6148.0,6982.0,6981.0,6981.0,6980.0,6539.0
422.0,nan,nan,nan,nan,nan,nan,nan,nan,nan,10581.0
423.0,nan,nan,nan,nan,nan,nan,nan,nan,nan,11181.0
424.0,nan,nan,nan,nan,nan,nan,nan,nan,nan,39003.0
425.0,1064.0,1533.0,1065.0,2472.0,26949.0,29546.0,30485.0,29547.0,30486.0,29229.0
426.0,nan,nan,nan,nan,nan,nan,nan,nan,nan,12989.0
427.0,650.0,93.0,650.0,144.0,9836.0,10579.0,10630.0,10579.0,10630.0,10432.0
428.0,1176.0,1160.0,1636.0,1160.0,17936.0,20272.0,20272.0,20732.0,20732.0,27031.0
429.0,1584.0,930.0,1589.0,1061.0,28791.0,31305.0,31436.0,31310.0,31441.0,31365.0
430.0,nan,nan,nan,nan,nan,nan,nan,nan,nan,3012.0
431.0,712.0,710.0,823.0,710.0,15872.0,17294.0,17294.0,17405.0,17405.0,14763.0
432.0,1081.0,1358.0,1081.0,1395.0,27909.0,30348.0,30385.0,30348.0,30385.0,21763.0
433.0,nan,nan,nan,nan,nan,nan,nan,nan,nan,11651.0
434.0,223.0,297.0,223.0,297.0,35189.0,35709.0,35709.0,35709.0,35709.0,15944.0
435.0,nan,nan,nan,nan,nan,nan,nan,nan,nan,31171.0
436.0,nan,nan,nan,nan,nan,nan,nan,nan,nan,16590.0
437.0,nan,nan,nan,nan,nan,nan,nan,nan,nan,6951.0
438.0,nan,nan,nan,nan,nan,nan,nan,nan,nan,37474.0
439.0,nan,nan,nan,nan,nan,nan,nan,nan,nan,23317.0
440.0,1397.0,975.0,1397.0,1852.0,2609.0,4981.0,5858.0,4981.0,5858.0,4636.0
441.0,513.0,195.0,725.0,195.0,28032.0,28740.0,28740.0,28952.0,28952.0,11111.0
442.0,nan,nan,nan,nan,nan,nan,nan,nan,nan,31297.0
443.0,900.0,1483.0,900.0,1618.0,8293.0,10676.0,10811.0,10676.0,10811.0,13861.0
444.0,1329.0,161.0,1329.0,161.0,4057.0,5547.0,5547.0,5547.0,5547.0,4974.0
445.0,912.0,816.0,1201.0,816.0,20876.0,22604.0,22604.0,22893.0,22893.0,28403.0
446.0,nan,nan,nan,nan,nan,nan,nan,nan,nan,1461.0
447.0,501.0,499.0,501.0,544.0,31676.0,32676.0,32721.0,32676.0,32721.0,15636.0
448.0,1080.0,891.0,1081.0,1123.0,5471.0,7442.0,7674.0,7443.0,7675.0,6839.0
449.0,nan,nan,nan,nan,nan,nan,nan,nan,nan,11380.0
450.0,2372.0,327.0,2444.0,327.0,16183.0,18882.0,18882.0,18954.0,18954.0,23450.0
451.0,572.0,1334.0,572.0,887.0,34925.0,36831.0,36384.0,36831.0,36384.0,28617.0
452.0,nan,nan,nan,nan,nan,nan,nan,nan,nan,25176.0
453.0,nan,nan,nan,nan,nan,nan,nan,nan,nan,7279.0
454.0,624.0,1902.0,866.0,1902.0,17997.0,20523.0,20523.0,20765.0,20765.0,18755.0
455.0,nan,nan,nan,nan,nan,nan,nan,nan,nan,3417.0
456.0,1652.0,584.0,1658.0,485.0,30580.0,32816.0,32717.0,32822.0,32723.0,23318.0
457.0,1474.0,234.0,1474.0,234.0,7683.0,9391.0,9391.0,9391.0,9391.0,12505.0
458.0,647.0,134.0,647.0,258.0,26230.0,27011.0,27135.0,27011.0,27135.0,18321.0
459.0,637.0,619.0,694.0,824.0,12566.0,13822.0,14027.0,13879.0,14084.0,9350.0
460.0,1312.0,1909.0,1325.0,2444.0,14457.0,17678.0,18213.0,17691.0,18226.0,13423.0
461.0,nan,nan,nan,nan,nan,nan,nan,nan,nan,3805.0
462.0,nan,nan,nan,nan,nan,nan,nan,nan,nan,37086.0
463.0,nan,nan,nan,nan,nan,nan,nan,nan,nan,1653.0
464.0,983.0,580.0,1272.0,742.0,59565.0,61128.0,61290.0,61417.0,61579.0,12042.0
465.0,nan,nan,nan,nan,nan,nan,nan,nan,nan,24057.0
466.0,nan,nan,nan,nan,nan,nan,nan,nan,nan,36928.0
467.0,746.0,104.0,911.0,104.0,4080.0,4930.0,4930.0,5095.0,5095.0,4885.0
468.0,1318.0,185.0,1345.0,185.0,18020.0,19523.0,19523.0,19550.0,19550.0,14534.0
469.0,1751.0,267.0,1813.0,267.0,6870.0,8888.0,8888.0,8950.0,8950.0,8945.0
470.0,nan,nan,nan,nan,nan,nan,nan,nan,nan,9864.0
471.0,886.0,272.0,886.0,272.0,10884.0,12042.0,12042.0,12042.0,12042.0,11808.0
472.0,1673.0,314.0,1677.0,1308.0,7508.0,9495.0,10489.0,9499.0,10493.0,4876.0
473.0,nan,nan,nan,nan,nan,nan,nan,nan,nan,38982.0
474.0,nan,nan,nan,nan,nan,nan,nan,nan,nan,29874.0
475.0,417.0,113.0,415.0,113.0,8502.0,9032.0,9032.0,9030.0,9030.0,4448.0
476.0,585.0,2663.0,585.0,2987.0,16524.0,19772.0,20096.0,19772.0,20096.0,18989.0
477.0,536.0,1680.0,862.0,1792.0,22505.0,24721.0,24833.0,25047.0,25159.0,23230.0
478.0,1201.0,3111.0,1325.0,1859.0,27346.0,31658.0,30406.0,31782.0,30530.0,24370.0
479.0,nan,nan,nan,nan,nan,nan,nan,nan,nan,28839.0
480.0,nan,nan,nan,nan,nan,nan,nan,nan,nan,24589.0
481.0,nan,nan,nan,nan,nan,nan,nan,nan,nan,12462.0
482.0,nan,nan,nan,nan,nan,nan,nan,nan,nan,16704.0
483.0,nan,nan,nan,nan,nan,nan,nan,nan,nan,8009.0
484.0,1243.0,682.0,1243.0,1560.0,22794.0,24719.0,25597.0,24719.0,25597.0,20649.0
485.0,nan,nan,nan,nan,nan,nan,nan,nan,nan,38051.0
486.0,nan,nan,nan,nan,nan,nan,nan,nan,nan,44919.0
487.0,nan,nan,nan,nan,nan,nan,nan,nan,nan,27591.0
488.0,88.0,408.0,89.0,408.0,3674.0,4170.0,4170.0,4171.0,4171.0,3352.0
489.0,1677.0,288.0,2088.0,332.0,10535.0,12500.0,12544.0,12911.0,12955.0,6307.0
490.0,901.0,1312.0,1229.0,1984.0,47642.0,49855.0,50527.0,50183.0,50855.0,28981.0
491.0,439.0,1159.0,439.0,2813.0,16393.0,17991.0,19645.0,17991.0,19645.0,10598.0
492.0,nan,nan,nan,nan,nan,nan,nan,nan,nan,41168.0
493.0,nan,nan,nan,nan,nan,nan,nan,nan,nan,17552.0
494.0,2802.0,55.0,3013.0,59.0,31487.0,34344.0,34348.0,34555.0,34559.0,20435.0
495.0,nan,nan,nan,nan,nan,nan,nan,nan,nan,5161.0
496.0,386.0,55.0,386.0,59.0,33643.0,34084.0,34088.0,34084.0,34088.0,34416.0
497.0,487.0,562.0,508.0,563.0,21601.0,22650.0,22651.0,22671.0,22672.0,9026.0
498.0,293.0,2263.0,293.0,2398.0,17430.0,19986.0,20121.0,19986.0,20121.0,18104.0
499.0,621.0,203.0,620.0,203.0,21963.0,22787.0,22787.0,22786.0,22786.0,15195.0
500.0,nan,nan,nan,nan,nan,nan,nan,nan,nan,4381.0
501.0,174.0,930.0,174.0,1061.0,33864.0,34968.0,35099.0,34968.0,35099.0,34875.0
502.0,nan,nan,nan,nan,nan,nan,nan,nan,nan,2053.0
503.0,nan,nan,nan,nan,nan,nan,nan,nan,nan,19293.0
504.0,nan,nan,nan,nan,nan,nan,nan,nan,nan,27639.0
505.0,nan,nan,nan,nan,nan,nan,nan,nan,nan,20737.0
506.0,nan,nan,nan,nan,nan,nan,nan,nan,nan,1119.0
507.0,583.0,97.0,596.0,97.0,28604.0,29284.0,29284.0,29297.0,29297.0,31531.0
508.0,224.0,930.0,224.0,1061.0,5374.0,6528.0,6659.0,6528.0,6659.0,6572.0
509.0,nan,nan,nan,nan,nan,nan,nan,nan,nan,22146.0
510.0,nan,nan,nan,nan,nan,nan,nan,nan,nan,4775.0
511.0,1926.0,544.0,2026.0,672.0,49829.0,52299.0,52427.0,52399.0,52527.0,25213.0
512.0,256.0,664.0,256.0,660.0,10608.0,11528.0,11524.0,11528.0,11524.0,10551.0
513.0,nan,nan,nan,nan,nan,nan,nan,nan,nan,4467.0
514.0,nan,nan,nan,nan,nan,nan,nan,nan,nan,38893.0
515.0,nan,nan,nan,nan,nan,nan,nan,nan,nan,34857.0
516.0,1022.0,939.0,1022.0,157.0,2808.0,4769.0,3987.0,4769.0,3987.0,4136.0
517.0,nan,nan,nan,nan,nan,nan,nan,nan,nan,5025.0
518.0,1340.0,231.0,1338.0,188.0,43222.0,44793.0,44750.0,44791.0,44748.0,13758.0
519.0,790.0,415.0,790.0,415.0,28511.0,29716.0,29716.0,29716.0,29716.0,23371.0
520.0,nan,nan,nan,nan,nan,nan,nan,nan,nan,24403.0
521.0,nan,nan,nan,nan,nan,nan,nan,nan,nan,5591.0
522.0,nan,nan,nan,nan,nan,nan,nan,nan,nan,15260.0
523.0,535.0,378.0,1161.0,424.0,1455.0,2368.0,2414.0,2994.0,3040.0,1621.0
524.0,nan,nan,nan,nan,nan,nan,nan,nan,nan,30060.0
525.0,774.0,113.0,774.0,113.0,11135.0,12022.0,12022.0,12022.0,12022.0,8478.0
526.0,395.0,2233.0,413.0,2258.0,11025.0,13653.0,13678.0,13671.0,13696.0,7454.0
527.0,579.0,1277.0,579.0,1616.0,43520.0,45376.0,45715.0,45376.0,45715.0,26647.0
528.0,971.0,448.0,970.0,475.0,10252.0,11671.0,11698.0,11670.0,11697.0,9277.0
529.0,nan,nan,nan,nan,nan,nan,nan,nan,nan,13378.0
530.0,nan,nan,nan,nan,nan,nan,nan,nan,nan,2271.0
531.0,1777.0,1271.0,1777.0,1285.0,19361.0,22409.0,22423.0,22409.0,22423.0,18790.0
532.0,528.0,1717.0,528.0,1748.0,15197.0,17442.0,17473.0,17442.0,17473.0,13287.0
533.0,225.0,140.0,225.0,140.0,19940.0,20305.0,20305.0,20305.0,20305.0,21131.0
534.0,nan,nan,nan,nan,nan,nan,nan,nan,nan,22139.0
535.0,453.0,1466.0,453.0,1465.0,28823.0,30742.0,30741.0,30742.0,30741.0,9200.0
536.0,238.0,732.0,623.0,781.0,14604.0,15574.0,15623.0,15959.0,16008.0,14731.0
537.0,nan,nan,nan,nan,nan,nan,nan,nan,nan,35393.0
538.0,1788.0,570.0,1788.0,569.0,7104.0,9462.0,9461.0,9462.0,9461.0,7592.0
539.0,nan,nan,nan,nan,nan,nan,nan,nan,nan,26799.0
540.0,988.0,319.0,1007.0,319.0,3962.0,5269.0,5269.0,5288.0,5288.0,4044.0
541.0,893.0,1158.0,893.0,1158.0,16830.0,18881.0,18881.0,18881.0,18881.0,9481.0
542.0,nan,nan,nan,nan,nan,nan,nan,nan,nan,36438.0
543.0,nan,nan,nan,nan,nan,nan,nan,nan,nan,24213.0
544.0,nan,nan,nan,nan,nan,nan,nan,nan,nan,21553.0
545.0,1531.0,1108.0,1531.0,1130.0,14274.0,16913.0,16935.0,16913.0,16935.0,15455.0
546.0,283.0,301.0,283.0,302.0,6895.0,7479.0,7480.0,7479.0,7480.0,6896.0
547.0,269.0,338.0,269.0,689.0,53342.0,53949.0,54300.0,53949.0,54300.0,33174.0
548.0,nan,nan,nan,nan,nan,nan,nan,nan,nan,8512.0
549.0,1114.0,735.0,1305.0,735.0,2219.0,4068.0,4068.0,4259.0,4259.0,3918.0
550.0,nan,nan,nan,nan,nan,nan,nan,nan,nan,30237.0
551.0,1165.0,752.0,1165.0,753.0,31683.0,33600.0,33601.0,33600.0,33601.0,31160.0
552.0,937.0,1089.0,1230.0,1167.0,38904.0,40930.0,41008.0,41223.0,41301.0,24330.0
553.0,1253.0,731.0,1294.0,736.0,17522.0,19506.0,19511.0,19547.0,19552.0,18911.0
554.0,803.0,132.0,1460.0,132.0,16955.0,17890.0,17890.0,18547.0,18547.0,14613.0
555.0,1378.0,138.0,1378.0,88.0,19125.0,20641.0,20591.0,20641.0,20591.0,10170.0
556.0,nan,nan,nan,nan,nan,nan,nan,nan,nan,22491.0
557.0,nan,nan,nan,nan,nan,nan,nan,nan,nan,18286.0
558.0,nan,nan,nan,nan,nan,nan,nan,nan,nan,23547.0
559.0,nan,nan,nan,nan,nan,nan,nan,nan,nan,31596.0
560.0,1520.0,260.0,1864.0,390.0,9487.0,11267.0,11397.0,11611.0,11741.0,10825.0
561.0,nan,nan,nan,nan,nan,nan,nan,nan,nan,11658.0
562.0,nan,nan,nan,nan,nan,nan,nan,nan,nan,39077.0
563.0,nan,nan,nan,nan,nan,nan,nan,nan,nan,7435.0
564.0,1105.0,836.0,1105.0,838.0,13806.0,15747.0,15749.0,15747.0,15749.0,13027.0
565.0,nan,nan,nan,nan,nan,nan,nan,nan,nan,18034.0
566.0,598.0,433.0,909.0,433.0,5665.0,6696.0,6696.0,7007.0,7007.0,6658.0
567.0,1531.0,113.0,1552.0,113.0,22240.0,23884.0,23884.0,23905.0,23905.0,23163.0
568.0,1419.0,432.0,1419.0,432.0,17636.0,19487.0,19487.0,19487.0,19487.0,21021.0
569.0,775.0,496.0,915.0,1857.0,27337.0,28608.0,29969.0,28748.0,30109.0,5458.0
570.0,712.0,489.0,712.0,489.0,16210.0,17411.0,17411.0,17411.0,17411.0,13844.0
571.0,745.0,1551.0,745.0,3292.0,40282.0,42578.0,44319.0,42578.0,44319.0,30491.0
572.0,466.0,190.0,466.0,337.0,17569.0,18225.0,18372.0,18225.0,18372.0,14192.0
573.0,nan,nan,nan,nan,nan,nan,nan,nan,nan,34802.0
574.0,1233.0,1353.0,1233.0,1851.0,22788.0,25374.0,25872.0,25374.0,25872.0,20808.0
575.0,275.0,509.0,275.0,509.0,18867.0,19651.0,19651.0,19651.0,19651.0,9770.0
576.0,nan,nan,nan,nan,nan,nan,nan,nan,nan,8075.0
577.0,513.0,422.0,725.0,422.0,24616.0,25551.0,25551.0,25763.0,25763.0,19421.0
578.0,nan,nan,nan,nan,nan,nan,nan,nan,nan,22220.0
579.0,716.0,174.0,716.0,194.0,24115.0,25005.0,25025.0,25005.0,25025.0,11537.0
580.0,696.0,343.0,696.0,344.0,33548.0,34587.0,34588.0,34587.0,34588.0,19827.0
581.0,317.0,800.0,317.0,846.0,14876.0,15993.0,16039.0,15993.0,16039.0,10453.0
582.0,nan,nan,nan,nan,nan,nan,nan,nan,nan,5641.0
583.0,nan,nan,nan,nan,nan,nan,nan,nan,nan,8338.0
584.0,nan,nan,nan,nan,nan,nan,nan,nan,nan,6687.0
585.0,nan,nan,nan,nan,nan,nan,nan,nan,nan,8148.0
586.0,nan,nan,nan,nan,nan,nan,nan,nan,nan,8288.0
587.0,1220.0,1178.0,1231.0,1549.0,11500.0,13898.0,14269.0,13909.0,14280.0,7046.0
588.0,nan,nan,nan,nan,nan,nan,nan,nan,nan,28330.0
589.0,926.0,1211.0,926.0,1211.0,31124.0,33261.0,33261.0,33261.0,33261.0,23657.0
590.0,617.0,1536.0,617.0,1693.0,17964.0,20117.0,20274.0,20117.0,20274.0,14671.0
591.0,1514.0,1519.0,1514.0,3401.0,17388.0,20421.0,22303.0,20421.0,22303.0,12011.0
592.0,nan,nan,nan,nan,nan,nan,nan,nan,nan,26607.0
593.0,623.0,618.0,623.0,1321.0,33879.0,35120.0,35823.0,35120.0,35823.0,10745.0
594.0,nan,nan,nan,nan,nan,nan,nan,nan,nan,5568.0
595.0,318.0,280.0,318.0,280.0,19225.0,19823.0,19823.0,19823.0,19823.0,25425.0
596.0,nan,nan,nan,nan,nan,nan,nan,nan,nan,38265.0
597.0,nan,nan,nan,nan,nan,nan,nan,nan,nan,43538.0
598.0,nan,nan,nan,nan,nan,nan,nan,nan,nan,50133.0
599.0,353.0,719.0,350.0,719.0,21051.0,22123.0,22123.0,22120.0,22120.0,19818.0
600.0,1400.0,428.0,1400.0,428.0,13846.0,15674.0,15674.0,15674.0,15674.0,9229.0
601.0,393.0,103.0,501.0,103.0,5030.0,5526.0,5526.0,5634.0,5634.0,5188.0
602.0,912.0,1317.0,912.0,1673.0,6233.0,8462.0,8818.0,8462.0,8818.0,8209.0
603.0,nan,nan,nan,nan,nan,nan,nan,nan,nan,39870.0
604.0,1486.0,593.0,1486.0,592.0,24155.0,26234.0,26233.0,26234.0,26233.0,19737.0
605.0,nan,nan,nan,nan,nan,nan,nan,nan,nan,4767.0
606.0,748.0,429.0,2369.0,434.0,2555.0,3732.0,3737.0,5353.0,5358.0,3652.0
607.0,1859.0,1342.0,2020.0,2817.0,18992.0,22193.0,23668.0,22354.0,23829.0,7519.0
608.0,237.0,771.0,237.0,690.0,33401.0,34409.0,34328.0,34409.0,34328.0,18707.0
609.0,1270.0,888.0,1282.0,939.0,22287.0,24445.0,24496.0,24457.0,24508.0,8206.0
610.0,710.0,365.0,710.0,746.0,6238.0,7313.0,7694.0,7313.0,7694.0,10334.0
611.0,1077.0,134.0,1295.0,258.0,30099.0,31310.0,31434.0,31528.0,31652.0,33604.0
612.0,nan,nan,nan,nan,nan,nan,nan,nan,nan,2287.0
613.0,nan,nan,nan,nan,nan,nan,nan,nan,nan,30906.0
614.0,732.0,1566.0,3278.0,1624.0,9423.0,11721.0,11779.0,14267.0,14325.0,9596.0
615.0,1056.0,1912.0,1056.0,2096.0,22576.0,25544.0,25728.0,25544.0,25728.0,14237.0
616.0,nan,nan,nan,nan,nan,nan,nan,nan,nan,19067.0
617.0,918.0,353.0,918.0,353.0,29409.0,30680.0,30680.0,30680.0,30680.0,14768.0
618.0,789.0,780.0,790.0,894.0,4282.0,5851.0,5965.0,5852.0,5966.0,4819.0
619.0,nan,nan,nan,nan,nan,nan,nan,nan,nan,14505.0
620.0,nan,nan,nan,nan,nan,nan,nan,nan,nan,19569.0
621.0,nan,nan,nan,nan,nan,nan,nan,nan,nan,22450.0
622.0,nan,nan,nan,nan,nan,nan,nan,nan,nan,38776.0
623.0,650.0,121.0,650.0,121.0,12200.0,12971.0,12971.0,12971.0,12971.0,10216.0
624.0,nan,nan,nan,nan,nan,nan,nan,nan,nan,14106.0
625.0,172.0,530.0,172.0,530.0,10333.0,11035.0,11035.0,11035.0,11035.0,8662.0
626.0,nan,nan,nan,nan,nan,nan,nan,nan,nan,42192.0
627.0,173.0,432.0,173.0,433.0,14181.0,14786.0,14787.0,14786.0,14787.0,9757.0
628.0,594.0,435.0,646.0,449.0,24730.0,25759.0,25773.0,25811.0,25825.0,30337.0
629.0,nan,nan,nan,nan,nan,nan,nan,nan,nan,3888.0
630.0,148.0,174.0,148.0,1180.0,21097.0,21419.0,22425.0,21419.0,22425.0,26568.0
631.0,nan,nan,nan,nan,nan,nan,nan,nan,nan,10165.0
632.0,nan,nan,nan,nan,nan,nan,nan,nan,nan,5892.0
633.0,260.0,584.0,260.0,485.0,6520.0,7364.0,7265.0,7364.0,7265.0,7362.0
634.0,518.0,59.0,581.0,579.0,7140.0,7717.0,8237.0,7780.0,8300.0,7742.0
635.0,nan,nan,nan,nan,nan,nan,nan,nan,nan,13842.0
636.0,nan,nan,nan,nan,nan,nan,nan,nan,nan,15770.0
637.0,1311.0,361.0,1582.0,388.0,16349.0,18021.0,18048.0,18292.0,18319.0,7117.0
638.0,2799.0,332.0,2904.0,332.0,28303.0,31434.0,31434.0,31539.0,31539.0,20756.0
639.0,398.0,841.0,398.0,875.0,10534.0,11773.0,11807.0,11773.0,11807.0,9817.0
640.0,nan,nan,nan,nan,nan,nan,nan,nan,nan,5784.0
641.0,971.0,361.0,971.0,388.0,43600.0,44932.0,44959.0,44932.0,44959.0,19401.0
642.0,774.0,2501.0,788.0,2693.0,7991.0,11266.0,11458.0,11280.0,11472.0,7804.0
643.0,nan,nan,nan,nan,nan,nan,nan,nan,nan,24364.0
644.0,581.0,1636.0,581.0,1746.0,15049.0,17266.0,17376.0,17266.0,17376.0,13703.0
645.0,1604.0,710.0,1604.0,710.0,42424.0,44738.0,44738.0,44738.0,44738.0,20426.0
646.0,nan,nan,nan,nan,nan,nan,nan,nan,nan,21509.0
647.0,277.0,584.0,277.0,485.0,2499.0,3360.0,3261.0,3360.0,3261.0,2915.0
648.0,nan,nan,nan,nan,nan,nan,nan,nan,nan,22033.0
649.0,nan,nan,nan,nan,nan,nan,nan,nan,nan,4573.0
650.0,nan,nan,nan,nan,nan,nan,nan,nan,nan,13918.0
651.0,466.0,1277.0,466.0,1320.0,4973.0,6716.0,6759.0,6716.0,6759.0,6440.0
652.0,nan,nan,nan,nan,nan,nan,nan,nan,nan,7910.0
653.0,nan,nan,nan,nan,nan,nan,nan,nan,nan,19828.0
654.0,nan,nan,nan,nan,nan,nan,nan,nan,nan,9384.0
655.0,nan,nan,nan,nan,nan,nan,nan,nan,nan,1062.0
656.0,nan,nan,nan,nan,nan,nan,nan,nan,nan,3179.0
657.0,57.0,940.0,57.0,2681.0,25818.0,26815.0,28556.0,26815.0,28556.0,13813.0
658.0,nan,nan,nan,nan,nan,nan,nan,nan,nan,29683.0
659.0,872.0,104.0,831.0,619.0,26242.0,27218.0,27733.0,27177.0,27692.0,27014.0
660.0,1466.0,1753.0,1465.0,1792.0,37281.0,40500.0,40539.0,40499.0,40538.0,30696.0
661.0,nan,nan,nan,nan,nan,nan,nan,nan,nan,3602.0
662.0,nan,nan,nan,nan,nan,nan,nan,nan,nan,13647.0
663.0,nan,nan,nan,nan,nan,nan,nan,nan,nan,31965.0
664.0,nan,nan,nan,nan,nan,nan,nan,nan,nan,3583.0
665.0,456.0,526.0,456.0,526.0,13302.0,14284.0,14284.0,14284.0,14284.0,13661.0
666.0,441.0,921.0,441.0,937.0,27723.0,29085.0,29101.0,29085.0,29101.0,24098.0
667.0,nan,nan,nan,nan,nan,nan,nan,nan,nan,6918.0
668.0,nan,nan,nan,nan,nan,nan,nan,nan,nan,3427.0
669.0,870.0,349.0,870.0,376.0,19390.0,20609.0,20636.0,20609.0,20636.0,17432.0
670.0,nan,nan,nan,nan,nan,nan,nan,nan,nan,36474.0
671.0,1296.0,809.0,2093.0,820.0,7004.0,9109.0,9120.0,9906.0,9917.0,8609.0
672.0,nan,nan,nan,nan,nan,nan,nan,nan,nan,21095.0
673.0,nan,nan,nan,nan,nan,nan,nan,nan,nan,32708.0
674.0,nan,nan,nan,nan,nan,nan,nan,nan,nan,27073.0
675.0,nan,nan,nan,nan,nan,nan,nan,nan,nan,2593.0
676.0,nan,nan,nan,nan,nan,nan,nan,nan,nan,5695.0
677.0,2051.0,1607.0,2050.0,1640.0,3039.0,6697.0,6730.0,6696.0,6729.0,4849.0
678.0,nan,nan,nan,nan,nan,nan,nan,nan,nan,26660.0
679.0,610.0,282.0,610.0,282.0,15128.0,16020.0,16020.0,16020.0,16020.0,10053.0
680.0,1014.0,113.0,1009.0,113.0,22240.0,23367.0,23367.0,23362.0,23362.0,14010.0
681.0,1113.0,931.0,1113.0,1985.0,24205.0,26249.0,27303.0,26249.0,27303.0,13654.0
682.0,147.0,1549.0,94.0,1848.0,29941.0,31637.0,31936.0,31584.0,31883.0,23235.0
683.0,1897.0,499.0,2311.0,544.0,4361.0,6757.0,6802.0,7171.0,7216.0,4810.0
684.0,nan,nan,nan,nan,nan,nan,nan,nan,nan,11472.0
685.0,936.0,49.0,935.0,59.0,26375.0,27360.0,27370.0,27359.0,27369.0,13581.0
686.0,543.0,986.0,543.0,986.0,23533.0,25062.0,25062.0,25062.0,25062.0,20676.0
687.0,439.0,820.0,504.0,820.0,6111.0,7370.0,7370.0,7435.0,7435.0,6006.0
688.0,nan,nan,nan,nan,nan,nan,nan,nan,nan,4653.0
689.0,930.0,499.0,1245.0,544.0,12167.0,13596.0,13641.0,13911.0,13956.0,5318.0
690.0,nan,nan,nan,nan,nan,nan,nan,nan,nan,4551.0
691.0,381.0,470.0,381.0,687.0,16580.0,17431.0,17648.0,17431.0,17648.0,22967.0
692.0,nan,nan,nan,nan,nan,nan,nan,nan,nan,34288.0
693.0,nan,nan,nan,nan,nan,nan,nan,nan,nan,36628.0
694.0,1630.0,320.0,2342.0,401.0,5923.0,7873.0,7954.0,8585.0,8666.0,7936.0
695.0,1169.0,488.0,1169.0,488.0,25238.0,26895.0,26895.0,26895.0,26895.0,29326.0
696.0,578.0,985.0,1060.0,985.0,33468.0,35031.0,35031.0,35513.0,35513.0,18988.0
697.0,869.0,622.0,886.0,622.0,13857.0,15348.0,15348.0,15365.0,15365.0,22294.0
698.0,1234.0,419.0,1269.0,953.0,17942.0,19595.0,20129.0,19630.0,20164.0,7176.0
699.0,nan,nan,nan,nan,nan,nan,nan,nan,nan,9533.0
700.0,nan,nan,nan,nan,nan,nan,nan,nan,nan,37203.0
701.0,517.0,1158.0,593.0,1158.0,11451.0,13126.0,13126.0,13202.0,13202.0,10734.0
702.0,797.0,876.0,797.0,876.0,8388.0,10061.0,10061.0,10061.0,10061.0,10036.0
703.0,354.0,598.0,354.0,598.0,18961.0,19913.0,19913.0,19913.0,19913.0,16931.0
704.0,547.0,3111.0,574.0,1859.0,11298.0,14956.0,13704.0,14983.0,13731.0,5680.0
705.0,868.0,84.0,868.0,338.0,10691.0,11643.0,11897.0,11643.0,11897.0,7564.0
706.0,nan,nan,nan,nan,nan,nan,nan,nan,nan,29077.0
707.0,268.0,257.0,268.0,291.0,7415.0,7940.0,7974.0,7940.0,7974.0,7154.0
708.0,414.0,940.0,414.0,2681.0,22595.0,23949.0,25690.0,23949.0,25690.0,12479.0
709.0,447.0,429.0,447.0,434.0,23757.0,24633.0,24638.0,24633.0,24638.0,23491.0
710.0,nan,nan,nan,nan,nan,nan,nan,nan,nan,2103.0
711.0,389.0,116.0,389.0,116.0,7255.0,7760.0,7760.0,7760.0,7760.0,4687.0
712.0,1008.0,381.0,1008.0,381.0,10092.0,11481.0,11481.0,11481.0,11481.0,11034.0
713.0,590.0,753.0,645.0,887.0,13409.0,14752.0,14886.0,14807.0,14941.0,10871.0
714.0,nan,nan,nan,nan,nan,nan,nan,nan,nan,6815.0
715.0,2569.0,1189.0,2582.0,1189.0,15876.0,19634.0,19634.0,19647.0,19647.0,16851.0
716.0,nan,nan,nan,nan,nan,nan,nan,nan,nan,44955.0
717.0,nan,nan,nan,nan,nan,nan,nan,nan,nan,20244.0
718.0,1339.0,329.0,1339.0,393.0,27455.0,29123.0,29187.0,29123.0,29187.0,23448.0
719.0,695.0,3111.0,695.0,1859.0,34539.0,38345.0,37093.0,38345.0,37093.0,28851.0
720.0,445.0,1585.0,567.0,1599.0,18909.0,20939.0,20953.0,21061.0,21075.0,13470.0
721.0,nan,nan,nan,nan,nan,nan,nan,nan,nan,50463.0
722.0,515.0,55.0,515.0,55.0,47414.0,47984.0,47984.0,47984.0,47984.0,27286.0
723.0,85.0,513.0,85.0,803.0,9378.0,9976.0,10266.0,9976.0,10266.0,11678.0
724.0,786.0,618.0,786.0,1321.0,64328.0,65732.0,66435.0,65732.0,66435.0,19418.0
725.0,nan,nan,nan,nan,nan,nan,nan,nan,nan,9176.0
726.0,nan,nan,nan,nan,nan,nan,nan,nan,nan,20783.0
727.0,nan,nan,nan,nan,nan,nan,nan,nan,nan,31734.0
728.0,nan,nan,nan,nan,nan,nan,nan,nan,nan,6508.0
729.0,nan,nan,nan,nan,nan,nan,nan,nan,nan,2956.0
730.0,555.0,132.0,555.0,132.0,6740.0,7427.0,7427.0,7427.0,7427.0,5508.0
731.0,nan,nan,nan,nan,nan,nan,nan,nan,nan,12414.0
732.0,445.0,195.0,567.0,195.0,7691.0,8331.0,8331.0,8453.0,8453.0,3682.0
733.0,228.0,223.0,228.0,367.0,21358.0,21809.0,21953.0,21809.0,21953.0,20947.0
734.0,nan,nan,nan,nan,nan,nan,nan,nan,nan,20257.0
735.0,1105.0,584.0,1105.0,485.0,20126.0,21815.0,21716.0,21815.0,21716.0,17855.0
736.0,1274.0,1396.0,1273.0,1395.0,38117.0,40787.0,40786.0,40786.0,40785.0,25062.0
737.0,nan,nan,nan,nan,nan,nan,nan,nan,nan,15411.0
738.0,429.0,448.0,429.0,475.0,13815.0,14692.0,14719.0,14692.0,14719.0,13354.0
739.0,323.0,292.0,323.0,292.0,27265.0,27880.0,27880.0,27880.0,27880.0,27568.0
740.0,nan,nan,nan,nan,nan,nan,nan,nan,nan,14108.0
741.0,nan,nan,nan,nan,nan,nan,nan,nan,nan,10082.0
742.0,nan,nan,nan,nan,nan,nan,nan,nan,nan,438.0
743.0,477.0,119.0,477.0,119.0,4511.0,5107.0,5107.0,5107.0,5107.0,4992.0
744.0,nan,nan,nan,nan,nan,nan,nan,nan,nan,8444.0
745.0,958.0,1909.0,958.0,2444.0,41591.0,44458.0,44993.0,44458.0,44993.0,33029.0
746.0,nan,nan,nan,nan,nan,nan,nan,nan,nan,34131.0
747.0,200.0,106.0,200.0,306.0,6797.0,7103.0,7303.0,7103.0,7303.0,7000.0
748.0,nan,nan,nan,nan,nan,nan,nan,nan,nan,27045.0
749.0,1458.0,104.0,1453.0,619.0,17066.0,18628.0,19143.0,18623.0,19138.0,17391.0
750.0,1220.0,119.0,1248.0,119.0,20607.0,21946.0,21946.0,21974.0,21974.0,18149.0
751.0,nan,nan,nan,nan,nan,nan,nan,nan,nan,13925.0
752.0,1558.0,127.0,1713.0,127.0,37006.0,38691.0,38691.0,38846.0,38846.0,35475.0
753.0,nan,nan,nan,nan,nan,nan,nan,nan,nan,9187.0
754.0,248.0,456.0,248.0,456.0,18029.0,18733.0,18733.0,18733.0,18733.0,19799.0
755.0,223.0,499.0,223.0,544.0,5396.0,6118.0,6163.0,6118.0,6163.0,4839.0
756.0,930.0,141.0,930.0,184.0,32010.0,33081.0,33124.0,33081.0,33124.0,25855.0
757.0,nan,nan,nan,nan,nan,nan,nan,nan,nan,7718.0
758.0,47.0,3111.0,204.0,1859.0,26561.0,29719.0,28467.0,29876.0,28624.0,24672.0
759.0,1364.0,277.0,1472.0,277.0,18816.0,20457.0,20457.0,20565.0,20565.0,21570.0
760.0,nan,nan,nan,nan,nan,nan,nan,nan,nan,11901.0
761.0,nan,nan,nan,nan,nan,nan,nan,nan,nan,34995.0
762.0,nan,nan,nan,nan,nan,nan,nan,nan,nan,51498.0
763.0,286.0,333.0,286.0,489.0,11789.0,12408.0,12564.0,12408.0,12564.0,9206.0
764.0,nan,nan,nan,nan,nan,nan,nan,nan,nan,43916.0
765.0,511.0,167.0,511.0,1016.0,12096.0,12774.0,13623.0,12774.0,13623.0,11109.0
766.0,145.0,136.0,145.0,256.0,21237.0,21518.0,21638.0,21518.0,21638.0,28017.0
767.0,277.0,544.0,277.0,544.0,10976.0,11797.0,11797.0,11797.0,11797.0,9261.0
768.0,1793.0,361.0,1793.0,388.0,27453.0,29607.0,29634.0,29607.0,29634.0,9529.0
769.0,436.0,166.0,436.0,166.0,9201.0,9803.0,9803.0,9803.0,9803.0,8677.0
770.0,1159.0,185.0,1159.0,185.0,24261.0,25605.0,25605.0,25605.0,25605.0,25004.0
771.0,nan,nan,nan,nan,nan,nan,nan,nan,nan,21939.0
772.0,515.0,544.0,515.0,565.0,55581.0,56640.0,56661.0,56640.0,56661.0,42699.0
773.0,371.0,1166.0,371.0,1178.0,32484.0,34021.0,34033.0,34021.0,34033.0,30991.0
774.0,108.0,524.0,108.0,1598.0,29192.0,29824.0,30898.0,29824.0,30898.0,20015.0
775.0,1615.0,427.0,1883.0,423.0,26917.0,28959.0,28955.0,29227.0,29223.0,28361.0
776.0,nan,nan,nan,nan,nan,nan,nan,nan,nan,13831.0
777.0,nan,nan,nan,nan,nan,nan,nan,nan,nan,22310.0
778.0,361.0,432.0,361.0,433.0,18051.0,18844.0,18845.0,18844.0,18845.0,12323.0
779.0,735.0,767.0,735.0,767.0,21642.0,23144.0,23144.0,23144.0,23144.0,16079.0
780.0,803.0,1841.0,803.0,1837.0,18427.0,21071.0,21067.0,21071.0,21067.0,27477.0
781.0,1464.0,222.0,1871.0,239.0,26045.0,27731.0,27748.0,28138.0,28155.0,12630.0
782.0,860.0,570.0,860.0,569.0,14197.0,15627.0,15626.0,15627.0,15626.0,9221.0
783.0,575.0,253.0,1771.0,253.0,32469.0,33297.0,33297.0,34493.0,34493.0,5939.0
784.0,894.0,385.0,899.0,385.0,7781.0,9060.0,9060.0,9065.0,9065.0,7226.0
785.0,nan,nan,nan,nan,nan,nan,nan,nan,nan,16610.0
786.0,nan,nan,nan,nan,nan,nan,nan,nan,nan,9850.0
787.0,652.0,444.0,652.0,444.0,17170.0,18266.0,18266.0,18266.0,18266.0,16750.0
788.0,nan,nan,nan,nan,nan,nan,nan,nan,nan,35529.0
789.0,nan,nan,nan,nan,nan,nan,nan,nan,nan,42003.0
790.0,nan,nan,nan,nan,nan,nan,nan,nan,nan,28249.0
791.0,nan,nan,nan,nan,nan,nan,nan,nan,nan,21303.0
792.0,486.0,785.0,502.0,813.0,32826.0,34097.0,34125.0,34113.0,34141.0,10666.0
793.0,nan,nan,nan,nan,nan,nan,nan,nan,nan,806.0
794.0,272.0,618.0,272.0,1321.0,34070.0,34960.0,35663.0,34960.0,35663.0,13369.0
795.0,nan,nan,nan,nan,nan,nan,nan,nan,nan,3964.0
796.0,219.0,2044.0,219.0,2044.0,22948.0,25211.0,25211.0,25211.0,25211.0,17316.0
797.0,nan,nan,nan,nan,nan,nan,nan,nan,nan,3287.0
798.0,nan,nan,nan,nan,nan,nan,nan,nan,nan,24489.0
799.0,351.0,1094.0,351.0,1095.0,21691.0,23136.0,23137.0,23136.0,23137.0,29479.0
800.0,nan,nan,nan,nan,nan,nan,nan,nan,nan,39388.0
801.0,363.0,889.0,363.0,1259.0,38463.0,39715.0,40085.0,39715.0,40085.0,10083.0
802.0,552.0,1258.0,593.0,2550.0,2902.0,4712.0,6004.0,4753.0,6045.0,3481.0
803.0,672.0,842.0,748.0,891.0,26893.0,28407.0,28456.0,28483.0,28532.0,26469.0
804.0,350.0,1010.0,454.0,1221.0,10764.0,12124.0,12335.0,12228.0,12439.0,8362.0
805.0,1395.0,132.0,1395.0,132.0,26187.0,27714.0,27714.0,27714.0,27714.0,26524.0
806.0,nan,nan,nan,nan,nan,nan,nan,nan,nan,3113.0
807.0,207.0,1112.0,207.0,1173.0,20071.0,21390.0,21451.0,21390.0,21451.0,24775.0
808.0,226.0,122.0,226.0,450.0,24826.0,25174.0,25502.0,25174.0,25502.0,17612.0
809.0,nan,nan,nan,nan,nan,nan,nan,nan,nan,7085.0
810.0,nan,nan,nan,nan,nan,nan,nan,nan,nan,40783.0
811.0,nan,nan,nan,nan,nan,nan,nan,nan,nan,20401.0
812.0,1597.0,513.0,1597.0,803.0,17967.0,20077.0,20367.0,20077.0,20367.0,22973.0
813.0,1887.0,935.0,1887.0,970.0,47143.0,49965.0,50000.0,49965.0,50000.0,32542.0
814.0,309.0,268.0,309.0,278.0,28401.0,28978.0,28988.0,28978.0,28988.0,21837.0
815.0,621.0,385.0,621.0,385.0,7959.0,8965.0,8965.0,8965.0,8965.0,7488.0
816.0,511.0,674.0,511.0,672.0,18931.0,20116.0,20114.0,20116.0,20114.0,22014.0
817.0,256.0,930.0,398.0,930.0,13246.0,14432.0,14432.0,14574.0,14574.0,13446.0
818.0,754.0,120.0,771.0,120.0,17643.0,18517.0,18517.0,18534.0,18534.0,6726.0
819.0,403.0,145.0,325.0,1204.0,25830.0,26378.0,27437.0,26300.0,27359.0,23359.0
820.0,751.0,577.0,759.0,577.0,15872.0,17200.0,17200.0,17208.0,17208.0,13529.0
821.0,nan,nan,nan,nan,nan,nan,nan,nan,nan,27145.0
822.0,nan,nan,nan,nan,nan,nan,nan,nan,nan,4018.0
823.0,nan,nan,nan,nan,nan,nan,nan,nan,nan,19941.0
824.0,1698.0,499.0,1838.0,544.0,17682.0,19879.0,19924.0,20019.0,20064.0,16580.0
825.0,307.0,448.0,307.0,448.0,20164.0,20919.0,20919.0,20919.0,20919.0,21234.0
826.0,376.0,1005.0,376.0,996.0,5858.0,7239.0,7230.0,7239.0,7230.0,6082.0
827.0,601.0,179.0,601.0,179.0,15452.0,16232.0,16232.0,16232.0,16232.0,14090.0
828.0,907.0,470.0,907.0,474.0,5056.0,6433.0,6437.0,6433.0,6437.0,6169.0
829.0,nan,nan,nan,nan,nan,nan,nan,nan,nan,45747.0
830.0,nan,nan,nan,nan,nan,nan,nan,nan,nan,21059.0
831.0,nan,nan,nan,nan,nan,nan,nan,nan,nan,30810.0
832.0,1458.0,420.0,1453.0,611.0,16781.0,18659.0,18850.0,18654.0,18845.0,17534.0
833.0,nan,nan,nan,nan,nan,nan,nan,nan,nan,8914.0
834.0,2776.0,1628.0,3081.0,1759.0,53410.0,57814.0,57945.0,58119.0,58250.0,39064.0
835.0,nan,nan,nan,nan,nan,nan,nan,nan,nan,23051.0
836.0,952.0,926.0,952.0,1761.0,15263.0,17141.0,17976.0,17141.0,17976.0,12231.0
837.0,nan,nan,nan,nan,nan,nan,nan,nan,nan,47046.0
838.0,1484.0,1166.0,1484.0,1178.0,30155.0,32805.0,32817.0,32805.0,32817.0,8440.0
839.0,1181.0,254.0,1303.0,256.0,39410.0,40845.0,40847.0,40967.0,40969.0,26341.0
840.0,nan,nan,nan,nan,nan,nan,nan,nan,nan,4408.0
841.0,1248.0,288.0,1418.0,332.0,52594.0,54130.0,54174.0,54300.0,54344.0,20981.0
842.0,850.0,332.0,850.0,332.0,16138.0,17320.0,17320.0,17320.0,17320.0,13589.0
843.0,793.0,2954.0,1025.0,3017.0,20013.0,23760.0,23823.0,23992.0,24055.0,18982.0
844.0,338.0,47.0,807.0,45.0,36807.0,37192.0,37190.0,37661.0,37659.0,24324.0
845.0,1138.0,263.0,1133.0,257.0,49906.0,51307.0,51301.0,51302.0,51296.0,8558.0
846.0,1626.0,703.0,1626.0,749.0,12910.0,15239.0,15285.0,15239.0,15285.0,7581.0
847.0,nan,nan,nan,nan,nan,nan,nan,nan,nan,9917.0
848.0,152.0,1396.0,160.0,1395.0,38913.0,40461.0,40460.0,40469.0,40468.0,34783.0
849.0,89.0,544.0,89.0,565.0,65140.0,65773.0,65794.0,65773.0,65794.0,23761.0
850.0,957.0,294.0,1402.0,975.0,24161.0,25412.0,26093.0,25857.0,26538.0,25895.0
851.0,474.0,347.0,474.0,347.0,1863.0,2684.0,2684.0,2684.0,2684.0,1836.0
852.0,nan,nan,nan,nan,nan,nan,nan,nan,nan,21541.0
853.0,414.0,968.0,414.0,968.0,13402.0,14784.0,14784.0,14784.0,14784.0,16586.0
854.0,nan,nan,nan,nan,nan,nan,nan,nan,nan,2710.0
855.0,nan,nan,nan,nan,nan,nan,nan,nan,nan,16830.0
856.0,1166.0,622.0,1167.0,622.0,23974.0,25762.0,25762.0,25763.0,25763.0,20036.0
857.0,1249.0,1549.0,1249.0,1848.0,56868.0,59666.0,59965.0,59666.0,59965.0,16965.0
858.0,1453.0,724.0,2209.0,805.0,11878.0,14055.0,14136.0,14811.0,14892.0,17631.0
859.0,2176.0,1082.0,2176.0,1084.0,1860.0,5118.0,5120.0,5118.0,5120.0,4675.0
860.0,nan,nan,nan,nan,nan,nan,nan,nan,nan,32754.0
861.0,nan,nan,nan,nan,nan,nan,nan,nan,nan,485.0
862.0,843.0,771.0,843.0,690.0,3527.0,5141.0,5060.0,5141.0,5060.0,4362.0
863.0,nan,nan,nan,nan,nan,nan,nan,nan,nan,18450.0
864.0,426.0,478.0,640.0,614.0,27756.0,28660.0,28796.0,28874.0,29010.0,28602.0
865.0,844.0,1341.0,1527.0,1554.0,3145.0,5330.0,5543.0,6013.0,6226.0,5163.0
866.0,801.0,323.0,821.0,322.0,7467.0,8591.0,8590.0,8611.0,8610.0,8073.0
867.0,1231.0,930.0,1249.0,1061.0,12977.0,15138.0,15269.0,15156.0,15287.0,13148.0
868.0,1460.0,986.0,1569.0,986.0,22255.0,24701.0,24701.0,24810.0,24810.0,10622.0
869.0,nan,nan,nan,nan,nan,nan,nan,nan,nan,4927.0
870.0,1038.0,907.0,1038.0,967.0,30926.0,32871.0,32931.0,32871.0,32931.0,23701.0
871.0,nan,nan,nan,nan,nan,nan,nan,nan,nan,21581.0
872.0,248.0,3111.0,480.0,1859.0,45696.0,49055.0,47803.0,49287.0,48035.0,13866.0
873.0,432.0,470.0,432.0,687.0,28069.0,28971.0,29188.0,28971.0,29188.0,33714.0
874.0,122.0,260.0,122.0,260.0,1346.0,1728.0,1728.0,1728.0,1728.0,1621.0
875.0,nan,nan,nan,nan,nan,nan,nan,nan,nan,28237.0
876.0,179.0,1457.0,531.0,1460.0,6135.0,7771.0,7774.0,8123.0,8126.0,7301.0
877.0,1748.0,604.0,1780.0,604.0,14470.0,16822.0,16822.0,16854.0,16854.0,13304.0
878.0,360.0,694.0,419.0,694.0,9523.0,10577.0,10577.0,10636.0,10636.0,9473.0
879.0,186.0,716.0,186.0,1295.0,14193.0,15095.0,15674.0,15095.0,15674.0,12268.0
880.0,931.0,891.0,931.0,1123.0,22091.0,23913.0,24145.0,23913.0,24145.0,17820.0
881.0,nan,nan,nan,nan,nan,nan,nan,nan,nan,27486.0
882.0,1214.0,1607.0,1238.0,1640.0,4830.0,7651.0,7684.0,7675.0,7708.0,7315.0
883.0,1954.0,570.0,1954.0,569.0,13290.0,15814.0,15813.0,15814.0,15813.0,14561.0
884.0,nan,nan,nan,nan,nan,nan,nan,nan,nan,29776.0
885.0,746.0,453.0,746.0,910.0,30473.0,31672.0,32129.0,31672.0,32129.0,14926.0
886.0,nan,nan,nan,nan,nan,nan,nan,nan,nan,1270.0
887.0,482.0,702.0,482.0,716.0,24449.0,25633.0,25647.0,25633.0,25647.0,14737.0
888.0,1278.0,499.0,1686.0,544.0,15863.0,17640.0,17685.0,18048.0,18093.0,30621.0
889.0,1367.0,100.0,1372.0,100.0,13340.0,14807.0,14807.0,14812.0,14812.0,11354.0
890.0,548.0,55.0,548.0,55.0,6185.0,6788.0,6788.0,6788.0,6788.0,6774.0
891.0,nan,nan,nan,nan,nan,nan,nan,nan,nan,30677.0
892.0,1928.0,1563.0,2079.0,1563.0,10775.0,14266.0,14266.0,14417.0,14417.0,11411.0
893.0,nan,nan,nan,nan,nan,nan,nan,nan,nan,13520.0
894.0,687.0,1458.0,687.0,1491.0,24591.0,26736.0,26769.0,26736.0,26769.0,15562.0
895.0,223.0,168.0,223.0,168.0,9130.0,9521.0,9521.0,9521.0,9521.0,8928.0
896.0,428.0,828.0,428.0,840.0,29055.0,30311.0,30323.0,30311.0,30323.0,14168.0
897.0,1281.0,105.0,1476.0,9.0,4629.0,6015.0,5919.0,6210.0,6114.0,5936.0
898.0,nan,nan,nan,nan,nan,nan,nan,nan,nan,20200.0
899.0,1329.0,407.0,1329.0,1092.0,13806.0,15542.0,16227.0,15542.0,16227.0,12909.0
900.0,nan,nan,nan,nan,nan,nan,nan,nan,nan,29115.0
901.0,nan,nan,nan,nan,nan,nan,nan,nan,nan,22013.0
902.0,1590.0,604.0,1590.0,604.0,9094.0,11288.0,11288.0,11288.0,11288.0,10395.0
903.0,707.0,3111.0,707.0,1859.0,34239.0,38057.0,36805.0,38057.0,36805.0,32692.0
904.0,311.0,1541.0,311.0,1574.0,18324.0,20176.0,20209.0,20176.0,20209.0,13368.0
905.0,1025.0,1433.0,1025.0,1557.0,36896.0,39354.0,39478.0,39354.0,39478.0,26276.0
906.0,463.0,1299.0,463.0,1320.0,32115.0,33877.0,33898.0,33877.0,33898.0,26445.0
907.0,1277.0,249.0,1311.0,249.0,21213.0,22739.0,22739.0,22773.0,22773.0,20852.0
908.0,nan,nan,nan,nan,nan,nan,nan,nan,nan,28336.0
909.0,1042.0,317.0,1042.0,317.0,19047.0,20406.0,20406.0,20406.0,20406.0,19354.0
910.0,nan,nan,nan,nan,nan,nan,nan,nan,nan,420.0
911.0,1058.0,1407.0,1127.0,1421.0,5879.0,8344.0,8358.0,8413.0,8427.0,6682.0
912.0,nan,nan,nan,nan,nan,nan,nan,nan,nan,4681.0
913.0,nan,nan,nan,nan,nan,nan,nan,nan,nan,20161.0
914.0,1213.0,455.0,1215.0,469.0,11017.0,12685.0,12699.0,12687.0,12701.0,10751.0
915.0,955.0,307.0,1284.0,356.0,25305.0,26567.0,26616.0,26896.0,26945.0,20444.0
916.0,850.0,1202.0,864.0,1276.0,5462.0,7514.0,7588.0,7528.0,7602.0,6033.0
917.0,197.0,891.0,197.0,891.0,20136.0,21224.0,21224.0,21224.0,21224.0,20000.0
918.0,nan,nan,nan,nan,nan,nan,nan,nan,nan,5085.0
919.0,968.0,161.0,1013.0,161.0,14737.0,15866.0,15866.0,15911.0,15911.0,15989.0
920.0,1491.0,333.0,1532.0,489.0,20311.0,22135.0,22291.0,22176.0,22332.0,24626.0
921.0,nan,nan,nan,nan,nan,nan,nan,nan,nan,40382.0
922.0,1366.0,622.0,1397.0,622.0,15189.0,17177.0,17177.0,17208.0,17208.0,21183.0
923.0,1253.0,1312.0,1294.0,1984.0,33842.0,36407.0,37079.0,36448.0,37120.0,27641.0
924.0,nan,nan,nan,nan,nan,nan,nan,nan,nan,11708.0
925.0,nan,nan,nan,nan,nan,nan,nan,nan,nan,4313.0
926.0,709.0,448.0,709.0,458.0,26134.0,27291.0,27301.0,27291.0,27301.0,20920.0
927.0,328.0,452.0,222.0,451.0,11440.0,12220.0,12219.0,12114.0,12113.0,14766.0
928.0,nan,nan,nan,nan,nan,nan,nan,nan,nan,10291.0
929.0,407.0,184.0,407.0,184.0,6101.0,6692.0,6692.0,6692.0,6692.0,3119.0
930.0,455.0,499.0,455.0,544.0,28400.0,29354.0,29399.0,29354.0,29399.0,25319.0
931.0,1606.0,470.0,1606.0,687.0,32243.0,34319.0,34536.0,34319.0,34536.0,36282.0
932.0,nan,nan,nan,nan,nan,nan,nan,nan,nan,34964.0
933.0,784.0,115.0,845.0,114.0,55354.0,56253.0,56252.0,56314.0,56313.0,18278.0
934.0,2112.0,544.0,2107.0,672.0,28937.0,31593.0,31721.0,31588.0,31716.0,11121.0
935.0,443.0,391.0,443.0,391.0,29615.0,30449.0,30449.0,30449.0,30449.0,17913.0
936.0,348.0,226.0,348.0,128.0,22566.0,23140.0,23042.0,23140.0,23042.0,9586.0
937.0,275.0,1592.0,275.0,1631.0,51032.0,52899.0,52938.0,52899.0,52938.0,39344.0
938.0,nan,nan,nan,nan,nan,nan,nan,nan,nan,8452.0
939.0,569.0,306.0,870.0,306.0,8776.0,9651.0,9651.0,9952.0,9952.0,15280.0
940.0,1298.0,1421.0,1298.0,1421.0,9473.0,12192.0,12192.0,12192.0,12192.0,10813.0
941.0,582.0,264.0,582.0,264.0,37385.0,38231.0,38231.0,38231.0,38231.0,20209.0
942.0,1743.0,189.0,1759.0,10.0,25862.0,27794.0,27615.0,27810.0,27631.0,26246.0
943.0,169.0,392.0,169.0,1677.0,10434.0,10995.0,12280.0,10995.0,12280.0,5678.0
944.0,nan,nan,nan,nan,nan,nan,nan,nan,nan,22991.0
945.0,nan,nan,nan,nan,nan,nan,nan,nan,nan,1947.0
946.0,1188.0,622.0,1188.0,622.0,13562.0,15372.0,15372.0,15372.0,15372.0,19862.0
947.0,nan,nan,nan,nan,nan,nan,nan,nan,nan,6688.0
948.0,nan,nan,nan,nan,nan,nan,nan,nan,nan,35334.0
949.0,890.0,333.0,1313.0,489.0,6267.0,7490.0,7646.0,7913.0,8069.0,7453.0
950.0,2110.0,828.0,2939.0,840.0,49523.0,52461.0,52473.0,53290.0,53302.0,24657.0
951.0,543.0,488.0,543.0,488.0,15122.0,16153.0,16153.0,16153.0,16153.0,13750.0
952.0,1225.0,117.0,1225.0,383.0,12667.0,14009.0,14275.0,14009.0,14275.0,20820.0
953.0,1332.0,1129.0,1332.0,1206.0,33553.0,36014.0,36091.0,36014.0,36091.0,14457.0
954.0,695.0,939.0,1293.0,157.0,16045.0,17679.0,16897.0,18277.0,17495.0,15607.0
955.0,424.0,272.0,452.0,272.0,4247.0,4943.0,4943.0,4971.0,4971.0,4686.0
956.0,nan,nan,nan,nan,nan,nan,nan,nan,nan,3555.0
957.0,nan,nan,nan,nan,nan,nan,nan,nan,nan,22684.0
958.0,872.0,1585.0,872.0,1599.0,17978.0,20435.0,20449.0,20435.0,20449.0,8410.0
959.0,2153.0,828.0,2664.0,840.0,48709.0,51690.0,51702.0,52201.0,52213.0,29353.0
960.0,257.0,350.0,257.0,347.0,9896.0,10503.0,10500.0,10503.0,10500.0,8814.0
961.0,964.0,1361.0,964.0,1935.0,1082.0,3407.0,3981.0,3407.0,3981.0,2964.0
962.0,1938.0,699.0,2196.0,713.0,30793.0,33430.0,33444.0,33688.0,33702.0,12428.0
963.0,nan,nan,nan,nan,nan,nan,nan,nan,nan,38402.0
964.0,265.0,754.0,265.0,835.0,21215.0,22234.0,22315.0,22234.0,22315.0,25318.0
965.0,nan,nan,nan,nan,nan,nan,nan,nan,nan,7307.0
966.0,412.0,499.0,412.0,544.0,31347.0,32258.0,32303.0,32258.0,32303.0,10483.0
967.0,120.0,230.0,120.0,357.0,23247.0,23597.0,23724.0,23597.0,23724.0,19419.0
968.0,802.0,272.0,802.0,795.0,28470.0,29544.0,30067.0,29544.0,30067.0,30053.0
969.0,nan,nan,nan,nan,nan,nan,nan,nan,nan,25520.0
970.0,nan,nan,nan,nan,nan,nan,nan,nan,nan,8046.0
971.0,432.0,2501.0,432.0,2693.0,9677.0,12610.0,12802.0,12610.0,12802.0,8501.0
972.0,nan,nan,nan,nan,nan,nan,nan,nan,nan,15753.0
973.0,302.0,446.0,302.0,446.0,40539.0,41287.0,41287.0,41287.0,41287.0,14754.0
974.0,nan,nan,nan,nan,nan,nan,nan,nan,nan,40019.0
975.0,1471.0,439.0,1471.0,3335.0,16540.0,18450.0,21346.0,18450.0,21346.0,16403.0
976.0,143.0,1210.0,143.0,2967.0,31989.0,33342.0,35099.0,33342.0,35099.0,16797.0
977.0,1161.0,907.0,1154.0,967.0,20408.0,22476.0,22536.0,22469.0,22529.0,16652.0
978.0,912.0,183.0,912.0,183.0,18379.0,19474.0,19474.0,19474.0,19474.0,22696.0
979.0,415.0,1871.0,415.0,1870.0,31776.0,34062.0,34061.0,34062.0,34061.0,25323.0
980.0,nan,nan,nan,nan,nan,nan,nan,nan,nan,5141.0
981.0,nan,nan,nan,nan,nan,nan,nan,nan,nan,15852.0
982.0,235.0,324.0,235.0,324.0,13131.0,13690.0,13690.0,13690.0,13690.0,12747.0
983.0,150.0,427.0,150.0,474.0,22612.0,23189.0,23236.0,23189.0,23236.0,10390.0
984.0,nan,nan,nan,nan,nan,nan,nan,nan,nan,4703.0
985.0,nan,nan,nan,nan,nan,nan,nan,nan,nan,52116.0
986.0,nan,nan,nan,nan,nan,nan,nan,nan,nan,14413.0
987.0,650.0,488.0,650.0,488.0,29219.0,30357.0,30357.0,30357.0,30357.0,25092.0
988.0,nan,nan,nan,nan,nan,nan,nan,nan,nan,44616.0
989.0,952.0,1519.0,970.0,2495.0,16990.0,19461.0,20437.0,19479.0,20455.0,10893.0
990.0,2055.0,503.0,2072.0,551.0,34122.0,36680.0,36728.0,36697.0,36745.0,16089.0
991.0,1667.0,204.0,1682.0,204.0,4785.0,6656.0,6656.0,6671.0,6671.0,7708.0
992.0,81.0,59.0,524.0,579.0,14571.0,14711.0,15231.0,15154.0,15674.0,11255.0
993.0,1758.0,151.0,1790.0,89.0,41025.0,42934.0,42872.0,42966.0,42904.0,23861.0
994.0,1485.0,264.0,2002.0,266.0,15912.0,17661.0,17663.0,18178.0,18180.0,18940.0
995.0,225.0,538.0,225.0,540.0,28152.0,28915.0,28917.0,28915.0,28917.0,18226.0
996.0,1157.0,2610.0,1163.0,2637.0,41357.0,45124.0,45151.0,45130.0,45157.0,34399.0
997.0,nan,nan,nan,nan,nan,nan,nan,nan,nan,35413.0
998.0,nan,nan,nan,nan,nan,nan,nan,nan,nan,8961.0
999.0,nan,nan,nan,nan,nan,nan,nan,nan,nan,28802.0
